noBtg,jenis,panjang,pangkal,ujung,rata2,volume,grCm,grPersen
A4930,MR,9.1,56,51,53,2.01,0,0
A5039,MR,10.7,112,101,106,9.44,0,0
A5580,MR,13.8,55,45,50,2.71,0,0
A5899,KR,21.3,63,40,51,4.35,0,0
A6169,MR,17.2,75,58,66,5.88,0,0
A6170,KR,20.4,62,44,53,4.5,0,0
A6172,KR,20.7,74,47,60,5.85,0,0
A6247,BNS,16.5,136,111,123,19.45,10,0.8
A6295,KR,20.5,69,48,58,5.42,0,0
A6493,MB,22.1,59,48,53,4.88,0,0
A6529,MR,19.5,67,53,60,5.51,0,0
A6623,KR,21.2,66,48,57,5.41,0,0
A7195,KR,16,56,40,48,2.9,0,0
A7198,KR,17.7,55,40,47,3.07,0,0
A7204,MR,21.9,69,53,61,6.4,0,0
A7206,MR,16.6,81,63,72,6.76,0,0
A7207,MR,17.4,66,53,59,4.76,0,0
A7208,MR,18.7,67,46,56,4.61,0,0
A7209,MR,16.3,66,53,59,4.46,0,0
A7210,MR,22.7,76,52,64,7.3,0,0
A7211,MR,19.7,84,66,75,8.37,13,3.8
A7212,MR,15.9,68,47,57,3.54,18,12.7
A7214,MR,16.9,59,45,52,3.59,0,0
A7215,MR,19.3,69,55,62,5.83,0,0
A7216,MR,21.8,67,47,57,5.56,0,0
A7217,MR,17.9,68,45,56,4.41,0,0
A7220,MR,20.4,84,60,72,8.31,0,0
A7224,MR,21.7,73,54,63,6.76,0,0
A7225,MR,15.3,75,59,67,5.39,0,0
A7226,MR,19.6,65,54,59,5.36,0,0
A7228,KR,18.4,60,43,51,3.76,0,0
A7229,KR,17.3,62,45,53,3.82,0,0
A7230,MR,16.9,68,51,59,4.62,0,0
A7231,MR,15.4,60,45,52,3.27,0,0
A7232,KR,17.1,63,46,54,3.23,20,17.5
A7233,MR,20.6,66,45,55,4.89,0,0
A7234,MR,11.7,73,64,68,4.25,0,0
A7235,MR,17,70,58,64,4.92,18,10.1
A7237,MR,17.2,71,53,62,5.19,0,0
A7239,KR,17.8,78,57,67,6.28,0,0
A7240,KR,16.3,63,48,55,3.87,0,0
A7242,KR,19.8,74,51,62,4.93,23,17.5
A7243,KR,16.5,76,61,68,5.99,0,0
A7260,KR,11.5,55,40,47,2,0,0
A7286,KR,17.7,64,44,54,4.05,0,0
A7335,KR,18.1,57,40,48,3.28,0,0
A7355,KR,17.8,69,55,62,5.37,0,0
A7357,MR,17.5,83,61,72,7.13,0,0
A7358,MR,14.3,68,52,60,4.04,0,0
A7359,MR,20.4,79,53,66,6.98,0,0
A7361,MR,18.9,64,42,53,4.17,0,0
A7362,MR,17,62,40,51,3.47,0,0
A7363,MR,13,64,56,60,3.34,16,9.1
A7364,MR,17,56,42,49,3.21,0,0
A7365,MR,19.2,74,57,65,5.68,19,10.9
A7371,MR,20.7,75,48,61,6.05,0,0
A7372,MR,21.6,79,54,66,7.39,0,0
A7373,MR,22.3,68,47,57,5.69,0,0
A7375,MR,18,83,58,70,6.93,0,0
A7376,MR,17.3,71,57,64,5.57,0,0
A7381,MR,17,70,53,61,4.97,0,0
A7382,MR,17.5,73,55,64,5.63,0,0
A7404,MB,21,80,59,69,7.32,16,6.8
A7414,KR,12.5,53,40,46,2.08,0,0
A7422,MB,14.3,132,103,117,15.37,0,0
A7428,MR,16.8,59,48,53,3.71,0,0
A7429,MR,18.6,92,64,78,8.14,20,8.4
A7430,MR,19.3,100,67,83,10.44,0,0
A7432,MR,19.7,71,44,57,5.03,0,0
A7433,MR,20.1,58,45,51,4.11,0,0
A7434,MR,19.8,79,58,68,7.19,0,0
A7435,MR,22,93,66,79,10.78,0,0
A7436,MR,18.6,63,43,53,4.1,0,0
A7437,KR,20.8,68,45,56,5.12,0,0
A7438,KR,18.1,69,48,58,4.78,0,0
A7439,MR,17.3,59,46,52,3.67,0,0
A7440,MR,18.7,66,51,58,4.94,0,0
A7443,MR,17.3,55,40,47,3,0,0
A7446,MR,20,64,47,55,4.75,0,0
A7447,MR,17.9,74,48,61,5.23,0,0
A7449,MR,18.1,90,66,78,8.65,0,0
A7450,MR,18.8,64,52,58,4.97,0,0
A7458,MR,22.7,68,52,60,6.42,0,0
A7460,MR,19.7,71,48,59,5.39,0,0
A7461,MR,18.2,62,43,52,3.87,0,0
A7466,MR,17.4,75,56,65,5.77,0,0
A7467,MR,17.8,74,52,63,5.55,0,0
A7468,MR,18.8,73,54,63,5.86,0,0
A7469,MR,18.4,74,53,63,5.74,0,0
A7470,MR,14.9,92,75,83,8.06,0,0
A7471,MR,17.2,78,51,64,5.53,0,0
A7476,MR,19.1,75,61,68,6.94,0,0
A7477,MR,14.7,85,77,81,7.57,0,0
A7479,MR,15.3,62,45,53,3.38,0,0
A7480,MR,18.3,62,47,54,4.19,0,0
A7482,MR,16.3,63,48,55,3.87,0,0
A7483,MR,17,83,65,74,7.31,0,0
A7484,MR,16.8,88,65,76,7.62,0,0
A7485,MR,20.7,59,51,55,4.92,0,0
A7486,MR,12.1,56,46,51,2.47,0,0
A7487,MR,20.5,67,51,59,5.6,0,0
A7489,MR,22.3,82,61,71,8.83,0,0
A7490,MR,21,69,46,57,5.36,0,0
A7491,MR,17.9,82,63,72,7.29,0,0
A7492,MR,14.6,80,66,73,6.11,0,0
A7493,MR,18,76,56,66,6.16,0,0
A7495,MR,22.3,71,42,56,5.49,0,0
A7496,MR,21.1,80,61,70,8.12,0,0
A7497,MR,18.3,63,41,52,3.89,0,0
A7498,MR,15.1,59,52,55,3.59,0,0
A7500,MR,8.5,92,80,86,4.72,16,4.4
A7501,MR,15.2,65,51,58,4.02,0,0
A7502,MR,15.8,67,55,61,4.62,0,0
A7503,MR,16.4,89,61,75,7.25,0,0
A7504,MR,15.8,92,78,85,8.97,0,0
A7505,MR,19.5,80,58,69,7.29,0,0
A7506,MR,20.1,84,61,72,8.18,0,0
A7507,MR,14.7,69,49,59,4.02,0,0
A7508,MR,21.9,91,61,76,9.93,0,0
A7510,MR,20.7,66,51,58,5.47,0,0
A7512,MR,12.3,73,63,68,4.47,0,0
A7513,MR,11.4,64,48,56,2.81,0,0
A7516,MR,15.8,62,43,52,3.36,0,0
A7518,MR,16.9,93,84,88,10.28,0,0
A7522,MR,15.6,78,64,71,6.18,0,0
A7523,MR,14.4,70,59,64,4.63,0,0
A7524,MR,17.3,59,44,51,3.53,0,0
A7525,MR,19.6,60,42,51,3.22,20,19.6
A7526,MR,14.7,71,57,64,4.73,0,0
A7527,MR,14.5,64,51,57,3.7,0,0
A7528,MR,12.4,71,59,65,4.11,0,0
A7529,MR,16.9,78,62,70,6.5,0,0
A7530,MR,15.5,81,67,74,6.67,0,0
A7531,MR,17.1,71,51,61,5,0,0
A7532,MR,13.5,75,61,68,4.9,0,0
A7533,KR,19.8,73,55,64,6.37,0,0
A7534,MR,11.7,68,51,59,3.2,0,0
A7535,MR,15.5,83,61,72,6.31,0,0
A7536,MR,19.3,73,53,63,6.02,0,0
A7537,MR,23.6,73,52,62,7.13,0,0
A7538,MR,12.2,57,49,53,2.69,0,0
A7539,MR,16.5,66,52,59,4.51,0,0
A7540,MR,19.4,68,49,58,5.13,0,0
A7541,MR,17.3,67,53,60,4.89,0,0
A7542,BNS,12.3,152,129,140,17.84,30,5.8
A7608,MR,18.7,81,60,70,7.2,0,0
A7611,MR,18.8,73,49,61,5.49,0,0
A7612,MR,17.1,88,73,80,8.6,0,0
A7613,MR,17.9,87,66,76,8.12,0,0
A7614,MR,17.8,67,48,57,4.54,0,0
A7615,KR,17.7,82,56,69,6.62,0,0
A7616,KR,18,97,72,84,9.98,0,0
A7621,MR,16.9,67,44,55,4.02,0,0
A7624,KR,15.2,51,40,45,2.42,0,0
A7626,MB,19.2,67,48,57,4.9,0,0
A7635,MR,17.3,62,49,55,4.11,0,0
A7636,MR,16.6,66,56,61,4.85,0,0
A7637,MR,15.1,68,51,59,4.13,0,0
A7638,MR,14.5,71,45,58,3.83,0,0
A7639,KR,22.2,81,56,68,8.06,0,0
A7640,KR,20.2,68,42,55,4.8,0,0
A7641,MR,21.2,95,64,79,10.39,0,0
A7642,MR,14.9,62,46,54,3.41,0,0
A7643,KR,15,77,59,68,5.45,0,0
A7644,KR,21,94,59,76,9.53,0,0
A7645,KR,21,69,54,61,6.14,0,0
A7646,KR,21.5,67,45,56,5.3,0,0
A7647,KR,18.9,85,60,72,7.7,0,0
A7648,KR,20.8,79,53,66,7.12,0,0
A7649,KR,20.5,78,55,66,7.01,0,0
A7650,KR,21.6,67,53,60,6.11,0,0
A7651,MR,21.7,81,55,68,7.25,17,8
A7652,MR,18,94,80,87,9.98,20,6.7
A7653,MB,17.6,65,53,59,4.47,14,7.2
A7654,MR,20.7,80,61,70,7.56,14,5.1
A7655,BNS,17,73,53,63,4.68,19,11.6
A7656,MR,15.4,81,64,72,6.27,0,0
A7657,MR,14.3,66,56,61,4.18,0,0
A7658,MR,20.7,82,56,69,7.74,0,0
A7659,MR,21,85,64,74,9.03,0,0
A7660,MR,11.8,102,91,96,8.24,16,3.5
A7661,BNS,17.3,74,62,68,6.28,0,0
A7662,MR,19.1,83,60,71,7.56,0,0
A7663,MR,23.1,75,54,64,7.43,0,0
A7664,MR,20.5,62,51,56,5.05,0,0
A7665,KR,21.5,62,53,57,4.44,22,19
A7666,KR,19.5,94,68,81,10.05,0,0
A7667,KR,17.9,67,46,56,4.41,0,0
A7668,KR,21.5,64,42,53,4.74,0,0
A7669,KR,18.2,64,46,55,4.32,0,0
A7670,KR,17.2,64,48,56,4.24,0,0
A7671,MR,21.7,73,51,62,6.55,0,0
A7672,KR,17.9,70,55,62,4.83,18,10.7
A7673,KR,18.8,62,41,51,3.84,0,0
A7674,KR,21.7,75,53,64,6.98,0,0
A7675,KR,22.4,70,45,57,5.72,0,0
A7676,KR,17.7,60,45,52,3.76,0,0
A7677,KR,18.7,65,46,55,4.44,0,0
A7678,MR,11.1,88,72,80,5.58,0,0
A7679,MB,14.5,73,62,67,4.35,23,15
A7681,MB,17.6,74,61,67,5.27,23,15
A7682,MB,17,65,48,56,3.9,13,6.9
A7684,BNS,18.1,66,48,57,4.62,0,0
A7685,BNS,19.3,64,40,52,4.1,0,0
A7686,MR,19.1,64,44,54,4.37,0,0
A7687,MB,16.4,80,61,70,6.31,0,0
A7688,MR,17.9,64,47,55,4.25,0,0
A7689,KR,14.5,65,44,54,3.32,0,0
A7696,MR,13.4,76,65,70,5.16,0,0
A7697,KR,18,71,57,64,5.53,12,4.5
A7698,KR,12.9,88,74,81,6.65,0,0
A7699,KR,15.3,84,63,73,6.4,0,0
A7700,KR,15.7,81,63,72,5.99,16,6.3
A7701,KR,15,69,53,61,4.38,0,0
A7702,KR,20.5,58,40,49,3.87,0,0
A7703,KR,21.3,66,42,54,4.88,0,0
A7704,KR,22.7,67,42,54,5.2,0,0
A7705,KR,17.2,75,58,66,5.88,0,0
A7706,KR,22.1,71,45,58,5.84,0,0
A7707,KR,16.3,75,54,64,5.24,0,0
A7708,KR,21.9,63,47,55,5.2,0,0
A7709,KR,19.2,68,51,59,5.25,0,0
A7710,KR,13.3,83,69,76,6.03,0,0
A7711,KR,11.5,83,74,78,5.08,19,7.6
A7712,MR,15.6,77,61,69,5.57,13,4.5
A7713,MR,20.6,67,44,55,4.89,0,0
A7714,MR,14.9,62,48,55,3.54,0,0
A7715,MR,11.6,63,60,61,3.39,0,0
A7716,MR,19.2,94,63,78,9.17,0,0
A7717,BNS,23.1,112,76,94,15.2,19,5.2
A7718,MR,22.7,91,61,76,10.3,0,0
A7719,MR,12.7,81,63,72,5.17,0,0
A7720,MR,15.8,94,78,86,9.18,0,0
A7721,MR,14.7,83,51,67,5.18,0,0
A7722,MR,9.5,88,81,84,5.17,10,1.8
A7723,MR,11.1,78,64,71,4.39,0,0
A7724,MR,17.7,56,40,48,3.2,0,0
A7725,MR,17.7,60,43,51,3.62,0,0
A7726,BNS,12.3,104,95,99,9.47,0,0
A7727,BNS,16.8,59,42,50,3.3,0,0
A7728,BNS,11.2,102,90,96,6.74,35,16.9
A7729,MR,12.9,58,51,54,2.95,0,0
A7730,BNS,16.7,63,55,59,3.9,20,14.6
A7731,BNS,21.3,73,52,62,6.43,0,0
A7732,MR,17.8,75,52,63,5.55,0,0
A7733,MR,15.7,104,85,94,10.9,0,0
A7734,MR,14.2,122,102,112,13.99,0,0
A7735,KR,15.6,88,76,82,7.61,20,7.6
A7736,KR,9.8,107,90,98,7.14,16,3.4
A7737,KR,13.1,94,86,90,8.33,0,0
A7738,MR,16.2,60,43,51,3.31,0,0
A7739,MR,15.7,77,61,69,5.87,0,0
A7740,MR,13.6,65,47,56,3.35,0,0
A7741,MB,15,74,54,64,3.96,24,17.9
A7742,KR,14,64,51,57,3.57,0,0
A7743,BNS,21,80,59,69,7.85,0,0
A7744,KR,18.9,99,79,89,10.66,24,9.3
A7745,MR,22.8,81,57,69,8.53,0,0
A7746,MR,11.5,117,106,111,11.13,0,0
A7747,MR,10.1,56,51,53,2.23,0,0
A7748,MR,14.3,60,48,54,3.28,0,0
A7749,BNS,15.2,73,55,64,4.5,16,8
A7750,MR,21.1,74,53,63,6.58,0,0
A7751,MR,17.2,65,48,56,4.24,0,0
A7752,MR,17.4,64,44,54,3.98,0,0
A7753,MR,16,63,51,57,4.08,0,0
A7754,MR,22,76,51,63,6.86,0,0
A7755,MR,14,68,53,60,3.96,0,0
A7756,MR,13.2,87,67,77,6.15,0,0
A7757,MR,21,91,69,80,9.95,17,5.7
A7758,MR,19.7,68,47,57,5.03,0,0
A7759,MR,12.4,73,59,66,4.24,0,0
A7760,MR,10.9,85,70,77,5.08,0,0
A7761,MR,19.8,69,45,57,4.86,10,3.9
A7762,MB,17.9,80,53,66,5.95,10,2.9
A7763,MB,17.3,88,72,80,8.14,18,6.4
A7764,MR,12.1,92,78,85,6.87,0,0
A7765,MR,11.2,73,65,69,4.19,0,0
A7766,MR,14.1,57,45,51,2.88,0,0
A7767,MR,14.2,87,76,81,7.32,0,0
A7768,MR,18,85,59,72,7.33,0,0
A7769,MR,19.3,64,53,58,5.1,0,0
A7770,BNS,16.7,62,42,52,3.22,14,9.2
A7771,MR,21.4,67,53,60,6.05,0,0
A7772,MR,14.7,60,44,52,2.94,11,5.7
A7773,MR,18.6,69,58,63,5.8,0,0
A7774,MR,16.9,73,57,65,5.61,0,0
A7775,MR,15.4,81,66,73,6.23,12,3.4
A7776,MR,16.8,62,53,57,4.29,0,0
A7777,MR,8.2,67,51,59,2.24,0,0
A7778,MR,13.9,78,63,70,5.35,0,0
A7779,MR,11.7,76,63,69,4.37,0,0
A7780,BNS,23.5,84,64,74,9.35,18,7.5
A7781,BNS,12.7,110,96,103,10.58,0,0
A7782,BNS,12.4,132,109,120,10.92,50,22.1
A7783,BNS,16.5,124,105,114,16.84,0,0
A7784,KR,17.2,83,61,72,7,0,0
A7785,MB,18.7,112,94,103,13.03,37,16.4
A7888,KR,18.2,56,46,51,3.72,0,0
A7898,MR,12.2,62,53,57,2.62,20,15.7
A7914,MR,14.1,66,49,57,3.6,0,0
A7916,MR,15.9,78,56,67,5.61,0,0
A7919,MR,11.7,64,57,60,3.31,0,0
A7922,MR,12.7,67,51,59,3.47,0,0
A7923,MB,17.6,78,60,69,6.58,0,0
A7924,BNS,18.1,79,63,71,6.58,18,8.2
A7925,MR,19.3,94,69,81,9.95,0,0
A7928,MR,11.2,62,58,60,3.17,0,0
A7930,MB,8.1,98,88,93,4.96,26,9.9
A7931,MR,12.1,80,74,77,5.63,0,0
A7932,MR,21.5,78,61,69,8.04,0,0
A7936,MR,16.3,92,72,82,8.61,0,0
A7937,MR,14.8,83,61,72,6.03,0,0
A7938,MR,15.7,83,74,78,7.5,0,0
A7939,MR,10.8,73,61,67,3.56,15,6.4
A7940,MR,19.3,62,44,53,4.26,0,0
A7941,MR,18,59,56,57,4.59,0,0
A7943,MR,17.8,97,74,85,10.1,0,0
A7944,MR,10.1,81,72,76,4.58,0,0
A7945,MR,10,75,72,73,4.19,0,0
A7948,MR,11.8,67,56,61,3.45,0,0
A7949,MR,15,56,45,50,2.95,0,0
A7950,MR,11.8,85,74,79,5.44,17,5.9
A7951,MR,13.2,58,42,50,2.59,0,0
A7952,MB,21.1,73,57,65,7,0,0
A7953,MR,19.2,88,74,81,9.89,0,0
A7954,MR,17.1,69,46,57,3.53,22,19
A7955,MR,13.5,75,61,68,4.9,0,0
A7956,MR,10.8,75,60,67,3.81,0,0
A7957,MR,11.7,71,53,62,3.53,0,0
A7959,MR,16.3,77,61,69,6.1,0,0
A7960,MR,18.9,75,46,60,5.34,0,0
A7961,MR,19.8,65,49,57,5.05,0,0
A7962,MR,21.5,66,45,55,5.11,0,0
A7963,MR,17.5,67,44,55,4.16,0,0
A7981,BNS,13.5,52,40,46,2.24,0,0
A7982,KR,9.8,52,40,46,1.63,0,0
A7983,KR,10,52,40,46,1.66,0,0
A7984,BNS,13.5,51,41,46,2.11,10,6
A7985,KR,9.5,51,40,45,1.51,0,0
A8003,MR,20.7,90,61,75,9.15,0,0
A8004,KR,13.9,83,63,73,5.82,0,0
A8005,KR,9.9,55,49,52,2.1,0,0
A8006,KR,22.2,60,45,52,4.71,0,0
A8007,KR,12.2,84,66,75,5.39,0,0
A8008,MR,16.2,92,67,79,6.76,27,14.9
A8009,MR,13.5,76,59,67,4.76,0,0
A8010,BNS,14,51,46,48,2.53,0,0
A8011,MR,12.9,73,59,66,4.41,0,0
A8012,MR,13,92,74,83,7.03,0,0
A8013,BNS,11.9,68,49,58,3.14,0,0
A8014,MR,21.4,56,43,49,4.04,0,0
A8015,MR,19.3,73,56,64,6.21,0,0
A8016,MR,20,62,49,55,4.55,10,4.2
A8017,MR,14.9,92,76,84,8.26,0,0
A8018,MR,20,58,41,49,3.53,11,6.4
A8019,MR,18.7,73,57,65,5.45,20,12.1
A8020,MR,22.3,69,52,60,6.31,0,0
A8021,KR,21.8,69,49,59,5.96,0,0
A8022,KR,19.7,73,57,65,6.54,0,0
A8023,KR,20,66,56,61,5.84,0,0
A8024,KR,20.9,75,45,60,5.91,0,0
A8025,KR,16.5,56,40,48,2.99,0,0
A8026,KR,12,79,63,71,4.22,21,11.1
A8027,MR,13.8,87,75,81,6.56,20,7.8
A8028,BNS,15.6,66,52,59,4.04,12,5.3
A8030,MB,12.1,73,62,67,3.99,15,6.4
A8093,KR,19.4,67,40,53,4.28,0,0
A8098,KR,19.8,57,42,49,3.73,0,0
A8119,MB,17.4,66,49,57,4.44,0,0
A8274,MR,13.5,66,56,61,3.95,0,0
A8276,MB,16.6,75,59,67,5.19,20,11.3
A8277,KR,13.2,53,40,46,2.19,0,0
A8278,KR,19,62,47,54,4.35,0,0
A8279,KR,15.5,56,40,48,2.8,0,0
A8280,KR,19.4,57,40,48,3.51,0,0
A8281,KR,21.1,70,49,59,5.77,0,0
A8282,KR,17.7,70,55,62,5.34,0,0
A8283,KR,19.3,65,46,55,4.59,0,0
A8284,KR,19.4,56,43,49,3.66,0,0
A8285,KR,20.8,59,41,50,4.08,0,0
A8286,KR,22.5,57,40,48,4.07,0,0
A8287,KR,14.3,57,52,54,3.28,0,0
A8288,KR,16.4,59,44,51,3.35,0,0
A8289,KR,19.9,65,43,54,4.36,10,4.4
A8290,KR,19.4,54,42,48,3.51,0,0
A8291,KR,21.1,57,38,47,3.66,0,0
A8292,KR,14.6,54,40,47,2.53,0,0
A8293,KR,20.8,60,41,50,4.08,0,0
A8294,KR,18.7,56,38,47,3.24,0,0
A8295,KR,16.8,62,40,51,3.43,0,0
A8296,KR,12,54,40,47,2.08,0,0
A8297,KR,14.3,51,40,45,2.27,0,0
A8298,KR,16,56,40,48,2.9,0,0
A8299,KR,17.9,56,40,48,3.24,0,0
A8300,KR,13.6,57,40,48,2.46,0,0
A8301,KR,13.8,53,40,46,2.29,0,0
A8302,KR,22.5,69,53,61,6.58,0,0
A8303,KR,13.9,51,40,45,2.21,0,0
A8304,KR,17.2,70,56,63,5.36,0,0
A8347,KR,11.5,53,40,46,1.91,0,0
A8348,KR,12.6,52,40,46,2.09,0,0
A8349,MB,21,88,61,74,7.92,23,12.3
A8350,KR,18.2,63,43,53,4.02,0,0
A8351,KR,16.8,53,40,46,2.79,0,0
A8352,KR,12.6,54,40,47,2.19,0,0
A8353,KR,12,52,40,46,1.99,0,0
A8354,KR,12.4,52,40,46,2.06,0,0
A8355,KR,23,79,46,62,6.94,0,0
A8356,KR,19.3,58,42,50,3.79,0,0
A8357,KR,20.4,65,46,55,4.85,0,0
A8358,KR,18.6,68,44,56,4.58,0,0
A8359,KR,20.6,66,47,56,5.07,0,0
A8360,MB,10.9,56,46,51,2.23,0,0
A8361,MR,20.4,62,49,55,4.45,14,8.2
A8362,MR,20.8,70,44,57,5.31,0,0
A8363,MR,19.1,68,42,55,4.54,0,0
A8364,MR,19.1,73,49,61,5.58,0,0
A8365,MR,17.5,60,46,53,3.86,0,0
A8366,MR,14.1,79,63,71,5.58,0,0
A8367,MB,18.3,67,46,56,4.32,10,4.1
A8368,MR,13.8,62,46,54,3.16,0,0
A8369,MR,18.4,74,56,65,6.11,0,0
A8370,MR,14.4,84,61,72,5.86,0,0
A8371,MR,14.2,65,51,58,3.75,0,0
A8372,MR,11.4,56,42,49,2.15,0,0
A8373,MR,21.8,82,59,70,8.39,0,0
A8374,MR,17.5,68,51,59,4.78,0,0
A8375,MR,23,68,46,57,5.87,0,0
A8376,MR,21.3,79,56,67,7.51,0,0
A8378,MR,13.6,67,49,58,3.59,0,0
A8379,MR,15.1,67,53,60,4.27,0,0
A8380,MR,20.5,64,46,55,4.87,0,0
A8381,MR,22.6,75,49,62,6.82,0,0
A8382,MR,19.7,64,51,57,5.03,0,0
A8385,MR,21.1,60,44,52,4.48,0,0
A8386,MR,14.5,79,61,70,5.58,0,0
A8387,MR,17.7,87,63,75,7.82,0,0
A8388,MR,18.5,68,46,57,4.72,0,0
A8389,MR,17.7,73,49,61,5.17,0,0
A8390,MR,17.3,77,61,69,6.47,0,0
A8391,MR,15.8,86,66,76,7.17,0,0
A8392,MR,18.4,85,59,72,7.49,0,0
A8393,MR,17.6,63,45,54,4.03,0,0
A8394,MR,16.5,62,51,56,4.06,0,0
A8395,MR,19.8,76,60,68,6.69,16,7
A8396,MR,8.7,76,62,69,3.17,10,2.7
A8397,MR,14.8,92,77,84,8.2,0,0
A8398,MR,20.7,70,51,60,5.85,0,0
A8399,MR,17.6,83,57,70,6.27,17,7.5
A8400,MR,15.1,57,42,49,2.85,0,0
A8401,MR,12.9,68,55,61,3.77,0,0
A8402,MR,17.4,64,43,53,3.84,0,0
A8403,MR,20.1,85,51,68,7.3,0,0
A8404,MR,12.2,71,53,62,3.68,0,0
A8405,MR,16.4,60,42,51,3.35,0,0
A8406,MR,22.4,75,46,60,6.33,0,0
A8407,MR,17.5,65,51,58,4.62,0,0
A8408,MR,16,64,48,56,3.94,0,0
A8409,MR,15.2,58,46,52,3.23,0,0
A8410,MR,19.2,91,65,78,9.17,0,0
A8425,MR,17.5,71,46,58,4.62,0,0
A8457,MB,17.1,53,40,46,2.84,0,0
A8459,MB,19,76,60,68,6.42,16,7
A8460,MB,13,65,53,59,3.18,17,10.6
A8461,MR,17.7,57,41,49,3.34,0,0
A8462,MR,19.2,68,45,56,4.35,14,8
A8463,MB,16.2,76,59,67,5.24,17,8.2
A8464,MB,15,55,43,49,2.83,0,0
A8465,BNS,16.3,51,41,46,2.71,0,0
A8466,KR,20.6,75,63,69,7.7,0,0
A8467,KR,21.1,67,41,54,4.83,0,0
A8468,KR,19.4,64,42,53,4.28,0,0
A8469,KR,16.7,64,40,52,3.55,0,0
A8470,MR,10.1,62,45,53,2.23,0,0
A8471,MR,14.9,58,46,52,3.16,0,0
A8472,MR,17.7,56,43,49,3.34,0,0
A8473,MR,20.2,68,42,55,4.8,0,0
A8474,MR,18.2,59,44,51,3.72,0,0
A8475,MR,14.8,63,42,52,3.14,0,0
A8476,MR,17,73,57,65,5.64,0,0
A8477,MR,17.7,73,53,63,5.52,0,0
A8478,MR,15.4,66,49,57,3.93,0,0
A8479,MR,19.6,75,56,65,6.5,0,0
A8482,MR,16.1,70,51,60,4.55,0,0
A8483,MR,15.9,62,46,54,3.64,0,0
A8484,MR,14.8,70,53,61,4.33,0,0
A8485,MR,16.3,56,44,50,3.2,0,0
A8486,KR,23,83,53,68,8.35,0,0
A8487,MR,17,62,45,53,3.75,0,0
A8488,MR,21.3,85,66,75,9.41,0,0
A8489,KR,22.6,77,49,63,7.04,0,0
A8490,MR,14.2,79,58,68,5.16,0,0
A8491,MR,14.4,73,56,64,4.49,10,3.1
A8519,MR,9.7,90,81,85,5.5,0,0
A8520,MR,14.6,63,47,55,3.47,0,0
A8521,MR,16,56,41,48,2.9,0,0
A8524,MB,12.4,51,40,45,1.97,0,0
A8525,MB,21.1,64,44,54,4.83,0,0
A8526,KR,17.1,54,42,48,3.09,0,0
A8527,KR,18.5,62,42,52,3.93,0,0
A8528,KR,9.2,51,40,45,1.46,0,0
A8529,KR,21.2,70,46,58,5.6,0,0
A8530,MR,21,75,44,59,5.74,0,0
A8531,MR,19.1,68,46,57,4.87,0,0
A8533,KR,20.3,63,45,54,4.65,0,0
A8535,MR,20.3,70,52,61,5.93,0,0
A8554,MR,18.9,66,54,60,5.34,0,0
A8555,MR,17.2,84,65,74,7.4,0,0
A8556,MR,20.5,84,65,74,8.82,0,0
A8557,MR,18.3,59,51,55,4.04,13,7.1
A8558,MR,24,64,44,54,5.5,0,0
A8559,MR,19,63,47,55,4.51,0,0
A8560,MR,18.4,56,41,48,3.33,0,0
A8561,MR,14.9,56,42,49,2.81,0,0
A8562,MR,13.6,56,47,51,2.78,0,0
A8563,MR,19,84,67,75,8.39,0,0
A8564,MR,20.2,81,59,70,7.77,0,0
A8565,MR,12.1,62,53,57,3.09,0,0
A8566,MR,17.5,76,46,61,5.11,0,0
A8567,MR,18.1,56,40,48,3.28,0,0
A8568,MR,20.8,69,51,60,5.88,0,0
A8569,MR,20.5,73,59,66,7.01,0,0
A8570,MR,19.3,92,73,82,9.87,13,3.2
A8571,MR,22.2,83,51,67,7.83,0,0
A8572,MR,18.2,66,41,53,4.02,0,0
A8573,MR,15.6,102,72,87,8.71,19,6.1
A8574,MR,16.2,62,43,52,3.44,0,0
A8575,MR,15.2,59,41,50,2.98,0,0
A8576,MR,19,59,41,50,3.73,0,0
A8577,MR,15.9,80,51,65,5.28,0,0
A8578,MR,15.6,56,40,48,2.82,0,0
A8579,MR,11.4,64,51,57,2.91,0,0
A8580,MR,12.3,67,58,62,3.71,0,0
A8581,MR,11.9,58,40,49,2.24,0,0
A8582,MR,17.3,64,44,54,3.96,0,0
A8583,MR,17.5,64,48,56,4.31,0,0
A8584,MR,19.7,64,48,56,4.85,0,0
A8585,MR,19,60,40,50,3.73,0,0
A8586,MR,21,64,43,53,4.63,0,0
A8587,MR,11.3,75,61,68,4.1,0,0
A8588,MB,17.1,71,52,61,5,0,0
A8589,MR,13.9,75,65,70,4.62,23,13.7
A8590,MR,8,73,64,68,2.91,0,0
A8591,KR,14,57,40,48,2.53,0,0
A8592,MR,21,79,53,66,7.18,0,0
A8593,MR,15.2,76,57,66,5.2,0,0
A8594,MB,14,69,56,62,4.23,0,0
A8595,MR,11.5,56,44,50,2.26,0,0
A8596,MB,14.2,57,44,50,2.79,0,0
A8597,KR,13.7,71,49,60,3.87,0,0
A8598,KR,16.8,56,40,48,3.04,0,0
A8599,MB,16.5,64,52,58,4.19,10,3.8
A8600,MB,13,51,42,46,1.87,15,13.5
A8601,MR,16.5,63,47,55,3.92,0,0
A8602,MB,18.2,60,47,53,4.02,0,0
A8603,MR,14.4,62,47,54,3.3,0,0
A8604,MB,15.4,68,54,61,4.5,0,0
A8605,KR,21.2,77,57,67,7.47,0,0
A8606,KR,16.8,65,45,55,3.99,0,0
A8607,MB,16.2,66,52,59,4.43,0,0
A8608,MB,15.7,64,47,55,3.5,12,6.1
A8609,MR,16.2,58,40,49,3.05,0,0
A8610,KR,18,69,44,56,4.43,0,0
A8611,KR,21.1,65,44,54,4.83,0,0
A8612,KR,16.8,67,53,60,4.75,0,0
A8613,KR,17,59,46,52,3.61,0,0
A8614,KR,18.3,60,45,52,3.89,0,0
A8615,KR,16.8,58,48,53,3.71,0,0
A8616,KR,19.7,64,44,54,4.51,0,0
A8617,KR,17.1,63,40,51,3.32,10,4.9
A8618,KR,16,56,40,48,2.9,0,0
A8619,MR,12.7,57,42,49,2.39,0,0
A8620,MR,13,70,56,63,4.05,0,0
A8621,MR,19.4,67,42,54,4.44,0,0
A8622,BNS,11.7,108,93,100,8.33,27,9.3
A8623,MB,19.8,65,45,55,4.7,0,0
A8624,MR,18.6,70,56,63,5.8,0,0
A8625,MR,15,63,51,57,3.83,0,0
A8626,KR,10.3,68,61,64,3.08,15,7
A8627,KR,23,73,51,62,6.61,12,4.8
A8628,KR,23.3,64,45,54,5.34,0,0
A8629,KR,15.3,64,52,58,4.04,0,0
A8630,MR,13.6,75,60,67,4.66,10,2.8
A8631,MR,18.1,68,51,59,4.95,0,0
A8632,MR,14.9,60,43,51,3.04,0,0
A8633,MR,23.1,70,56,63,7.2,0,0
A8634,MR,20.6,94,74,84,11.42,0,0
A8635,MR,20.5,79,63,71,8.12,0,0
A8636,MR,21.2,69,42,55,5.04,0,0
A8637,MR,20.5,83,59,71,8.12,0,0
A8638,MR,12.6,57,45,51,2.57,0,0
A8639,MR,15.3,64,52,58,4.04,0,0
A8640,MR,13.8,56,41,48,2.5,0,0
A8641,MR,17.7,67,54,60,5,0,0
A8642,MR,19,75,51,63,5.92,0,0
A8643,MR,23.6,83,66,74,10.15,0,0
A8644,MR,17.9,81,64,72,7.29,0,0
A8645,MR,15.7,83,72,77,7.31,0,0
A8646,MR,18,75,63,69,6.73,0,0
A8647,BNS,18.8,100,83,91,11.55,19,5.5
A8648,MR,11.5,90,75,82,6.07,0,0
A8649,MR,18.6,86,61,73,7.78,0,0
A8650,MR,20.2,57,45,51,4.13,0,0
A8651,MR,18.7,57,40,48,3.38,0,0
A8652,MR,13.7,68,53,60,3.27,21,15.6
A8653,MR,16,62,43,52,3.4,0,0
A8654,MR,19.6,75,58,66,6.71,0,0
A8655,MR,20.1,89,65,77,9.36,0,0
A8656,KR,19.6,63,40,51,4,0,0
A8657,KR,19.5,70,47,58,5.15,0,0
A8658,KR,20.3,91,74,82,10.72,0,0
A8659,KR,21,62,40,51,4.29,0,0
A8660,KR,19.9,65,44,54,4.56,0,0
A8661,KR,19.1,63,46,54,4.37,0,0
A8662,KR,16.5,53,41,47,2.86,0,0
A8663,MB,17.5,67,55,61,4.9,11,4.1
A8664,MR,20.9,86,61,73,8.75,0,0
A8665,MR,15.8,71,61,66,4.64,22,14.1
A8666,MR,20.1,93,87,90,12.79,0,0
A8667,MR,15.9,83,67,75,7.02,0,0
A8668,MR,12.1,56,40,48,2.19,0,0
A8669,MR,18.4,62,42,52,3.91,0,0
A8670,MR,17.8,87,69,78,8.51,0,0
A8671,MR,22.3,98,72,85,12.65,0,0
A8672,MR,18.6,69,55,62,5.62,0,0
A8673,MR,15.8,78,66,72,5.74,21,10.8
A8674,MR,18.1,58,44,51,3.7,0,0
A8675,MR,20.4,92,75,83,11.04,0,0
A8676,MR,18.9,98,77,87,11.24,0,0
A8677,MR,20.6,62,42,52,4.37,0,0
A8678,MR,20.7,73,58,65,6.87,0,0
A8679,MR,20.1,65,45,55,4.78,0,0
A8680,BNS,19.7,67,52,59,5.39,0,0
A8681,BNS,21.3,106,77,91,13.85,0,0
A8684,MB,20.1,64,55,59,5.5,0,0
A8686,MR,20.9,75,53,64,6.19,16,8
A8687,MR,13.9,68,56,62,3.75,18,10.7
A8689,MB,17.7,62,48,55,4.21,0,0
A8690,MB,20.6,85,64,74,8.12,19,8.4
A8691,BNS,14.6,112,98,105,11.33,30,10.4
A8692,MR,16,81,69,75,7.07,0,0
A8693,MR,13.9,65,60,62,4.2,0,0
A8694,KR,17.3,60,43,51,3.53,0,0
A8695,KR,23.1,91,58,74,9.93,0,0
A8696,KR,19.1,79,49,64,6.14,0,0
A8697,KR,23,83,57,70,8.85,0,0
A8698,KR,21.8,92,72,82,11.51,0,0
A8699,KR,21.3,86,67,76,9.66,0,0
A8700,KR,21.8,66,55,60,6.16,0,0
A8701,MR,21.2,65,43,54,4.86,0,0
A8702,KR,20.2,66,45,55,4.8,0,0
A8703,KR,15.9,70,51,60,4.5,0,0
A8704,KR,20.8,85,65,75,9.19,0,0
A8705,KR,20.3,81,60,70,7.81,0,0
A8706,KR,22.2,84,63,73,9.29,0,0
A8707,MR,22.7,73,45,59,5.3,20,14.6
A8708,MR,17.4,91,66,78,8.31,0,0
A8709,MR,22,95,72,83,11.9,0,0
A8710,KR,19.3,62,43,52,4.1,0,0
A8711,KR,21.2,65,45,55,5.04,0,0
A8712,KR,19.1,62,42,52,4.06,0,0
A8713,KR,14.3,85,72,78,6.83,0,0
A8714,KR,20.1,59,42,50,3.95,0,0
A8716,MR,13.5,58,45,51,2.76,0,0
A8719,MB,14,53,51,52,2.97,0,0
A8724,MB,17.8,73,61,67,6.28,0,0
A8739,MR,18.7,92,68,80,9.4,0,0
A8745,KR,17.9,59,40,49,3.38,0,0
A8746,KR,23,64,43,53,5.07,0,0
A8747,KR,19.9,73,52,62,6.01,0,0
A8748,KR,19.5,73,52,62,5.89,0,0
A8749,BNS,17.1,87,70,78,7.73,16,5.4
A8750,MR,18.3,63,48,55,4.35,0,0
A8751,KR,15.8,60,42,51,3.23,0,0
A8752,KR,17.6,60,47,53,3.88,0,0
A8753,KR,17.4,52,45,48,3.15,0,0
A8754,KR,16.6,62,52,57,4.24,0,0
A8755,KR,19.2,66,44,55,4.56,0,0
A8756,KR,21,68,51,59,5.74,0,0
A8757,KR,18.3,57,47,52,3.89,0,0
A8758,KR,21.9,75,55,65,7.27,0,0
A8759,KR,23.6,76,61,68,8.57,0,0
A8760,MR,19.5,67,43,55,4.63,0,0
A8761,KR,20,67,51,59,5.47,0,0
A8762,KR,19.8,57,40,48,3.58,0,0
A8763,KR,21.3,70,46,58,5.63,0,0
A8764,MR,19.5,73,51,62,5.89,0,0
A8765,KR,18.3,78,59,68,6.65,0,0
A8766,KR,20.8,77,55,66,6.77,13,4.9
A8767,KR,19.9,80,60,70,7.66,0,0
A8768,KR,16.8,75,55,65,5.57,0,0
A8769,KR,17.4,57,40,48,3.15,0,0
A8770,KR,19,60,44,52,4.04,0,0
A8771,KR,19.8,73,51,62,5.98,0,0
A8772,KR,16.7,75,47,61,4.88,0,0
A8773,KR,16.3,73,54,63,5.08,0,0
A8774,BNS,11.9,54,47,50,2.22,10,5.1
A8775,KR,16.5,58,40,49,3.11,0,0
A8776,MB,17.5,67,49,58,4.62,0,0
A8777,MB,10.3,73,62,67,3.33,17,8.2
A8778,KR,20.5,66,48,57,5.23,0,0
A8779,MR,19.1,75,53,64,5.59,17,9
A8780,KR,11.5,56,48,52,2.44,0,0
A8781,KR,14,65,42,53,3.09,0,0
A8782,KR,15.4,59,42,50,2.8,12,7.3
A8783,KR,19.5,64,44,54,4.47,0,0
A8784,KR,21,77,44,60,5.94,0,0
A8785,KR,23.1,77,47,62,6.97,0,0
A8786,KR,12.5,56,40,48,2.26,0,0
A8787,MR,13.1,56,45,50,2.24,16,13
A8788,MR,21.6,92,57,74,9.29,0,0
A8789,MR,18.9,79,56,67,6.66,0,0
A8790,MR,21.9,87,65,76,9.93,0,0
A8791,MR,19.2,78,60,69,7.18,0,0
A8792,MR,19,70,48,59,5.19,0,0
A8793,MR,20.6,73,53,63,6.42,0,0
A8794,MR,18.7,60,46,53,4.13,0,0
A8795,KR,19.6,68,53,60,5.54,0,0
A8796,KR,17.2,69,60,64,5.53,0,0
A8797,KR,15.9,59,40,49,3,0,0
A8798,KR,21.5,75,52,63,6.7,0,0
A8799,KR,22.9,73,51,62,6.91,0,0
A8800,KR,19.3,83,60,71,7.64,0,0
A8801,KR,23,77,56,66,7.87,0,0
A8802,KR,22.2,83,54,68,8.06,0,0
A8803,MR,11.3,81,72,76,5.13,0,0
A8804,MR,14.2,62,45,53,3.13,0,0
A8805,MR,12.9,69,56,62,3.71,12,4.8
A8806,MR,12.3,56,42,49,2.32,0,0
A8807,MR,14.6,80,65,72,5.94,0,0
A8808,MR,16.4,59,44,51,3.35,0,0
A8809,BNS,13,86,76,81,6.7,0,0
A8810,KR,19.9,64,52,58,5.26,0,0
A8811,MR,20.6,81,57,69,7.7,0,0
A8812,MR,19.4,66,51,58,5.13,0,0
A8813,MR,19.7,77,51,64,6.34,0,0
A8814,MR,16.9,67,45,56,4.16,0,0
A8815,MR,17.6,101,82,91,11.45,0,0
A8816,MR,13.8,67,56,61,4.03,0,0
A8817,MR,17.7,64,55,59,4.84,0,0
A8818,MR,17.1,132,110,121,19.66,0,0
A8819,MR,21.2,62,45,53,4.68,0,0
A8820,MR,13.9,107,81,94,9.65,0,0
A8821,MR,12.7,82,68,75,5.61,0,0
A8822,MR,15,91,72,81,7.73,0,0
A8823,MR,9.8,58,51,54,2.24,0,0
A8824,MR,15.4,102,77,89,9.58,0,0
A8825,MR,20.8,75,57,66,7.12,0,0
A8826,MR,16.1,94,69,81,8.3,0,0
A8827,MR,14.9,99,74,86,8.66,0,0
A8828,MR,18.1,112,92,102,14.79,0,0
A8829,MR,10.9,70,58,64,3.51,0,0
A8830,MR,20.9,117,95,106,18.44,0,0
A8831,MR,22.8,100,76,88,13.87,0,0
A8832,MR,15.5,85,62,73,6.49,0,0
A8833,MR,14.1,57,47,52,2.99,0,0
A8834,MR,17.8,92,74,83,9.63,0,0
A8835,MR,10.8,75,62,68,3.92,0,0
A8836,MR,13.9,88,73,80,6.99,0,0
A8838,MR,15.4,78,62,70,5.93,0,0
A8844,MR,14,62,54,58,3.14,20,15.1
A8847,MR,13.2,66,49,57,3.37,0,0
A8848,MR,14.2,83,74,78,6.79,0,0
A8849,MR,9.9,87,82,84,5.49,0,0
A8850,MR,13.1,83,70,76,5.94,0,0
A8851,MR,11.3,71,61,66,3.87,0,0
A8853,KR,16.3,66,53,59,4.46,0,0
A8854,MR,18,64,40,52,3.82,0,0
A8856,MR,18.8,63,46,54,4.31,0,0
A8857,MR,9.4,76,66,71,3.72,0,0
A8859,MR,15.1,62,44,53,3.33,0,0
A8860,MR,16.2,62,43,52,3.44,0,0
A8861,MR,13.2,91,73,82,6.97,0,0
A8875,MB,18.5,75,55,65,6.14,0,0
A8891,BNS,17.5,75,61,68,5.08,27,20.1
A8892,BNS,20.8,81,62,71,6.6,28,19.8
A8893,MR,11.4,58,52,55,2.71,0,0
A8894,MR,23.1,73,53,63,7.2,0,0
A8895,MR,20.2,92,63,77,9.41,0,0
A8896,MR,16.6,64,47,55,3.94,0,0
A8897,MR,18.7,62,41,51,3.82,0,0
A8898,MR,20.6,74,40,57,5.26,0,0
A8899,MR,20.5,76,58,67,7.23,0,0
A8900,MR,19,65,46,55,4.51,0,0
A8901,KR,14.9,64,44,54,3.41,0,0
A8902,MR,18.7,64,47,55,4.44,0,0
A8903,MR,16.9,77,53,65,5.61,0,0
A8904,MR,23.6,85,47,66,8.07,0,0
A8905,MR,16,56,40,48,2.9,0,0
A8906,MR,19,71,46,58,5.02,0,0
A8907,MR,16.7,57,44,50,3.28,0,0
A8908,MR,16.4,57,40,48,2.97,0,0
A8909,MR,16.4,70,56,63,5.11,0,0
A8910,MR,18.8,66,43,54,4.31,0,0
A8911,MR,15.4,56,45,50,3.02,0,0
A8912,MR,16.1,56,40,48,2.91,0,0
A8913,MR,11.3,69,54,61,3.3,0,0
A8914,MR,15,102,84,93,10.19,0,0
A8915,MR,17.7,64,47,55,4.21,0,0
A8916,MR,14.5,59,45,52,3.08,0,0
A8917,MR,19.5,67,52,59,5.33,0,0
A8918,MR,19.7,62,44,53,4.35,0,0
A8919,MR,11.5,116,94,105,9.96,0,0
A8920,MR,18.6,75,56,65,6.17,0,0
A8921,MR,18.8,65,45,55,4.47,0,0
A8922,MR,22.1,108,91,99,17.01,0,0
A8923,MR,18.3,75,52,63,5.7,0,0
A8924,MR,8.1,83,79,81,4.17,0,0
A8925,MR,13.7,90,82,86,7.65,15,3.9
A8926,KR,18.8,99,80,89,11.7,0,0
A8927,MR,19.3,78,63,70,7.43,0,0
A8928,MR,11.8,56,44,50,2.32,0,0
A8929,MR,12.3,65,54,59,3.36,0,0
A8930,MR,10.9,89,75,82,5.76,0,0
A8931,MR,13.1,77,61,69,4.9,0,0
A8936,MR,12.9,83,67,75,5.57,10,2.3
A8938,MR,16.7,67,40,53,3.68,0,0
A8939,MR,13,57,43,50,2.55,0,0
A8941,MR,15.6,67,52,59,4.27,0,0
A8944,MR,23.2,64,49,56,5.71,0,0
A8945,MR,10.4,67,59,63,2.87,19,11.6
A8946,MR,16.8,94,81,87,9.99,0,0
A8947,MR,16.8,109,78,93,11.41,0,0
A8948,MR,14.4,79,58,68,5.23,0,0
A8951,MR,12.8,58,46,52,2.72,0,0
A8952,KR,11.9,73,55,64,3.83,0,0
A8953,MB,11.9,57,51,54,2.73,0,0
A8954,KR,19.5,76,51,63,6.08,0,0
A8955,KR,18.9,54,41,47,3.28,0,0
A8956,KR,20.3,57,40,48,3.67,0,0
A8957,KR,20.4,85,62,73,8.54,0,0
A8958,KR,17.3,64,40,52,3.67,0,0
A8959,KR,21.8,62,41,51,4.45,0,0
A8960,KR,19,73,42,57,4.85,0,0
A8961,KR,21,65,45,55,4.99,0,0
A8962,KR,15.4,60,42,51,2.99,10,4.9
A8963,MR,17.4,71,53,62,5.25,0,0
A8964,KR,20.2,76,42,59,5.52,0,0
A8965,KR,16.2,59,40,49,3.05,0,0
A8966,KR,12,71,59,65,3.98,0,0
A8967,KR,11.6,59,56,57,2.96,0,0
A8968,KR,15.1,59,40,49,2.85,0,0
A8969,KR,10,74,56,65,3.22,10,3
A8970,MR,19.9,80,54,67,7.02,0,0
A8973,MR,12,78,64,71,4.75,0,0
A8974,MR,18,83,61,72,7.33,0,0
A8975,KR,18,109,74,91,11.71,0,0
A8976,MR,17.3,75,62,68,6.28,0,0
A8977,KR,16.6,112,79,95,11.77,0,0
A8978,KR,18.7,100,88,94,12.98,0,0
A8979,KR,19,59,41,50,3.73,0,0
A8980,KR,22.4,74,54,64,6.82,13,5.3
A8981,KR,21.9,65,47,56,5.39,0,0
A8982,KR,17.6,81,66,73,6.92,16,6.1
A8983,BNS,14.3,58,51,54,2.7,20,17.5
A8984,KR,20.9,77,61,69,6.61,24,15.4
A8985,KR,10.2,81,67,74,4.39,0,0
A8986,KR,11.1,80,68,74,4.77,0,0
A8987,BNS,13.7,76,69,72,5.58,0,0
A8988,MR,11.1,129,111,120,12.55,0,0
A8989,KR,11.8,74,66,70,4.02,21,11.5
A8990,KR,11.1,65,55,60,3.14,0,0
A8991,MR,21.6,92,66,79,10.59,0,0
A8992,MR,12.8,62,51,56,3.15,0,0
A8993,KR,14.9,84,64,74,6.41,0,0
A8994,KR,18.7,57,40,48,3.38,0,0
A8995,KR,19,73,48,60,5.37,0,0
A8996,MR,14.1,74,59,66,4.82,0,0
A8997,BNS,10.3,130,108,119,10.65,28,7
A8998,BNS,9.9,114,110,112,8.32,38,14.7
A8999,MR,17.5,66,52,59,4.78,0,0
A9000,MR,16.9,59,48,53,3.56,10,4.5
A9001,MR,15.6,75,58,66,5.34,0,0
A9002,MR,18.5,59,51,55,4.4,0,0
A9003,MR,19.8,73,58,65,6.18,14,5.9
A9004,MB,18.8,69,40,54,4.31,0,0
A9005,BNS,21.5,58,56,57,5.49,0,0
A9006,BNS,17,56,45,50,3.09,12,7.3
A9007,MR,21.3,56,42,49,4.02,0,0
A9008,MR,16.7,70,52,61,4.88,0,0
A9009,MR,22.1,75,53,64,7.11,0,0
A9010,MR,18.5,56,45,50,3.63,0,0
A9011,MR,20.9,59,53,56,5.15,0,0
A9012,MR,20.9,79,51,65,6.94,0,0
A9013,MB,17.4,62,46,54,3.29,20,17.5
A9014,BNS,13.9,86,82,84,7.56,10,1.8
A9015,BNS,15.9,56,48,52,3.22,10,4.7
A9016,MR,21.8,68,47,57,5.56,0,0
A9017,KR,14.7,53,42,47,2.55,0,0
A9018,KR,21.7,69,42,55,5.16,0,0
A9019,KR,12.4,62,52,57,3.16,0,0
A9020,KR,15.4,69,53,61,4.28,12,4.9
A9021,KR,13.7,79,59,69,5.12,0,0
A9022,MR,21,117,87,102,16.15,22,5.9
A9023,KR,15.5,90,82,86,9,0,0
A9024,BNS,12.4,59,49,54,2.63,13,7.4
A9025,KR,11.8,82,69,75,5.21,0,0
A9026,MR,11.5,58,51,54,2.63,0,0
A9027,MB,18.7,78,61,69,6.99,0,0
A9028,MR,18.6,67,47,57,4.75,0,0
A9029,MB,12.2,83,73,78,5.83,0,0
A9030,MR,18.7,73,52,62,5.65,0,0
A9031,MR,21.3,65,43,54,4.88,0,0
A9032,MR,22.9,79,60,69,8.56,0,0
A9033,BNS,17.3,68,41,54,3.96,0,0
A9034,BNS,20.3,93,76,84,10.27,22,8.7
A9035,BNS,21.5,92,72,82,11.14,10,1.9
A9036,MR,18.5,79,55,67,6.52,0,0
A9037,BNS,18.9,89,69,79,9.26,0,0
A9038,MR,18.3,73,53,63,5.7,0,0
A9039,MB,16.9,59,46,52,3.21,15,10.6
A9040,KR,21,78,53,65,6.97,0,0
A9041,KR,20.7,89,74,81,10.67,0,0
A9042,KR,17.1,105,84,94,11.87,0,0
A9043,KR,21,112,83,97,15.52,0,0
A9044,KR,21.6,75,48,61,6.31,0,0
A9045,KR,22.1,85,61,73,9.25,0,0
A9046,KR,11.9,54,40,47,2.06,0,0
A9047,KR,12.6,58,40,49,2.38,0,0
A9048,MB,10.9,74,65,69,4.08,0,0
A9049,KR,15,62,43,52,3.19,0,0
A9050,MR,18.7,62,41,51,3.82,0,0
A9051,BNS,19.3,97,80,88,10.53,25,10.3
A9052,KR,13,64,55,59,3.55,0,0
A9053,KR,10.6,108,101,104,9,0,0
A9054,KR,12.2,90,80,85,6.92,0,0
A9055,KR,15.6,73,55,64,5.02,0,0
A9056,KR,10.7,80,72,76,4.85,0,0
A9057,KR,19.1,55,45,50,3.75,0,0
A9058,KR,15.6,102,84,93,10.6,0,0
A9059,KR,18.2,83,56,69,6.81,0,0
A9060,KR,21.8,81,55,68,7.92,0,0
A9061,MR,13.9,83,61,72,5.39,14,4.8
A9062,BNS,18,93,73,83,9.28,16,4.7
A9063,MR,15.9,75,58,66,5.44,0,0
A9064,MR,21.9,114,91,102,17.9,0,0
A9065,MR,20.1,63,51,57,5.13,0,0
A9066,MR,17,71,53,62,5.13,0,0
A9067,MR,21,69,51,60,5.94,0,0
A9068,KR,18,58,40,49,3.21,10,5.3
A9069,KR,14.1,68,52,60,3.99,0,0
A9070,MR,15.6,85,67,76,6.45,20,8.8
A9071,MR,15.1,99,79,89,8.45,25,10
A9072,MR,10.6,69,59,64,3.3,10,3.1
A9073,KR,16.2,65,47,56,3.99,0,0
A9074,KR,15,73,59,66,5.13,0,0
A9075,KR,18.9,76,51,63,5.89,0,0
A9076,KR,19.2,79,56,67,6.77,0,0
A9077,KR,12.3,76,56,66,4.21,0,0
A9078,KR,12.4,56,48,52,2.63,0,0
A9079,KR,13,67,59,63,4.05,0,0
A9080,KR,11.6,83,66,74,4.99,0,0
A9082,BNS,13.6,62,57,59,3.72,0,0
A9083,KR,13.1,94,73,83,7.09,0,0
A9084,KR,10.9,74,64,69,4.08,0,0
A9085,KR,24,71,46,58,6.34,0,0
A9086,KR,23.1,79,55,67,8.14,0,0
A9087,KR,16.7,73,58,65,5.54,0,0
A9088,KR,15.5,55,40,47,2.69,0,0
A9089,KR,17.2,62,48,55,4.09,0,0
A9090,MR,19.3,63,44,53,4.26,0,0
A9091,BNS,19.2,78,58,68,6.97,0,0
A9092,MB,13.8,62,51,56,3.4,0,0
A9093,MB,16.5,68,59,63,4.67,17,9.3
A9094,KR,19.4,76,51,63,6.05,0,0
A9095,KR,15.8,60,42,51,3.23,0,0
A9096,KR,18.5,89,69,79,9.07,0,0
A9097,KR,13.6,56,40,48,2.46,0,0
A9098,MB,12,62,46,54,2.75,0,0
A9099,KR,17.7,68,53,60,5,0,0
A9100,MB,19.6,57,51,54,3.92,17,12.6
A9101,MR,17.2,73,56,64,5.53,0,0
A9102,MB,15.9,65,52,58,4.2,0,0
A9103,MR,16.2,69,56,62,4.89,0,0
A9104,MB,18.6,80,64,72,7.25,13,4.2
A9105,MB,18.1,68,57,62,5.2,12,4.8
A9106,KR,14.9,51,40,45,2.22,10,6.3
A9107,MR,17.7,58,43,50,3.48,0,0
A9108,MR,18.8,80,55,67,5.88,20,11.3
A9109,MB,23.3,68,52,60,5.99,16,9.1
A9110,MR,22,70,53,61,6.43,0,0
A9111,MB,18.1,59,46,52,3.84,0,0
A9112,MR,17,62,40,51,3.47,0,0
A9113,MR,16.2,85,74,79,7.53,16,5.2
A9114,MB,17.2,66,45,55,4.09,0,0
A9115,MR,16.7,62,45,53,3.68,0,0
A9117,KR,13.8,75,61,68,5.01,0,0
A9118,KR,14.9,73,57,65,4.94,0,0
A9119,MR,16.6,56,41,48,3,0,0
A9120,MR,16.8,62,43,52,3.57,0,0
A9121,MR,13.1,58,48,53,2.89,0,0
A9122,MR,12.5,67,57,62,3.77,0,0
A9123,KR,12.9,56,45,50,2.53,0,0
A9124,MR,14.6,79,70,74,6.28,0,0
A9125,MR,14.5,57,47,52,3.08,0,0
A9126,MB,17.3,62,47,54,3.79,10,4.4
A9127,KR,19.9,83,64,73,8.33,0,0
A9128,MR,17.7,57,43,50,3.48,0,0
A9129,MR,20.5,67,55,61,5.99,0,0
A9130,MR,19.3,56,46,51,3.94,0,0
A9131,KR,14.6,58,43,50,2.87,0,0
A9132,MR,15.8,62,47,54,3.62,0,0
A9133,MR,16.7,57,40,48,3.02,0,0
A9134,MR,17.7,62,48,55,4.21,0,0
A9135,KR,18.7,87,66,76,8.48,0,0
A9136,KR,18.2,74,53,63,5.67,0,0
A9138,KR,14.2,56,48,52,3.02,0,0
A9139,MB,21.8,78,53,65,7.23,0,0
A9140,MR,15,62,46,54,3.44,0,0
A9141,MR,9.5,56,47,51,1.94,0,0
A9142,MR,21.2,79,52,65,7.03,0,0
A9143,MR,19.8,56,42,49,3.73,0,0
A9144,MR,13.1,82,66,74,5.63,0,0
A9145,MR,21.6,75,48,61,6.1,10,3.4
A9146,MR,16.6,62,48,55,3.94,0,0
A9147,MR,17.9,73,52,62,5.4,0,0
A9148,MR,15.2,62,44,53,3.35,0,0
A9149,MR,13.5,59,46,52,2.87,0,0
A9150,MR,13.8,93,73,83,7.47,0,0
A9151,MR,13.2,67,48,57,3.37,0,0
A9152,MR,19.4,69,44,56,4.78,0,0
A9153,MR,19.4,74,51,62,5.86,0,0
A9154,MR,20,64,46,55,4.75,0,0
A9155,MR,21.2,83,61,72,8.63,0,0
A9156,MR,22.4,67,45,56,5.52,0,0
A9157,MR,13.2,82,67,74,5.42,14,4.6
A9158,MR,20.6,90,66,78,9.84,0,0
A9159,MR,19,73,52,62,5.74,0,0
A9160,MR,15.3,73,51,62,4.62,0,0
A9161,MR,15.2,67,57,62,4.44,10,3.3
A9162,MR,13.4,92,79,85,7.6,0,0
A9163,KR,22.1,62,44,53,4.88,0,0
A9164,KR,21.8,90,63,76,9.89,0,0
A9165,KR,21.6,75,55,65,7.17,0,0
A9166,KR,20.4,102,77,89,12.69,0,0
A9167,KR,20.7,88,67,77,9.64,0,0
A9170,MR,15.2,64,47,55,3.61,0,0
A9171,KR,20.3,75,48,61,5.93,0,0
A9172,KR,22.4,63,45,54,5.13,0,0
A9173,BNS,17,109,86,97,11.95,19,4.9
A9174,MR,19.6,70,48,59,5.36,0,0
A9175,MB,12.6,66,55,60,3.56,0,0
A9176,MR,19.2,64,45,54,4.4,0,0
A9178,MB,12.5,68,56,62,3.77,0,0
A9179,MR,16.6,60,44,52,3.53,0,0
A9180,MR,14.2,77,57,67,5.01,0,0
A9181,MR,17.1,65,48,56,4.21,0,0
A9182,MB,10.9,64,53,58,2.88,0,0
A9183,MR,19.5,75,56,65,6.47,0,0
A9185,MR,17.4,88,74,81,8.57,15,4.4
A9196,MR,20.4,70,52,61,5.96,0,0
A9197,MR,14.8,66,51,58,3.91,0,0
A9198,MR,10.6,64,48,56,2.61,0,0
A9199,MR,19.3,59,45,52,4.1,0,0
A9200,MR,17,57,42,49,3.21,0,0
A9201,MR,23.1,64,53,58,6.1,0,0
A9202,MR,18.1,67,48,57,4.62,0,0
A9203,MR,18.2,58,45,51,3.72,0,0
A9204,MR,20.9,73,47,60,5.91,0,0
A9205,MR,17.5,64,51,57,4.47,0,0
A9206,MR,21,75,51,63,6.55,0,0
A9207,MR,18.4,75,46,60,5.2,0,0
A9208,MR,20.1,67,51,59,5.5,0,0
A9209,MR,17.6,77,56,66,6.02,0,0
A9210,MR,20.9,68,47,57,5.33,0,0
A9211,MR,20.3,59,42,50,3.99,0,0
A9212,MR,13.5,56,47,51,2.76,0,0
A9213,MR,19.4,65,45,55,4.61,0,0
A9214,MR,18.4,83,68,75,7.94,10,2.3
A9215,MR,15.4,76,58,67,5.43,0,0
A9216,MR,19.8,59,41,50,3.89,0,0
A9217,MR,14.3,58,41,49,2.7,0,0
A9218,MR,19.6,64,47,55,4.66,0,0
A9219,MR,20.5,85,52,68,7.44,0,0
A9220,MR,16.8,75,54,64,5.4,0,0
A9221,MR,17.3,66,53,59,4.73,0,0
A9222,MR,8.9,81,69,75,3.64,18,7.3
A9223,MR,11.2,62,45,53,2.22,15,10.2
A9224,MR,18.4,67,47,57,4.7,0,0
A9225,MR,19.2,77,55,66,6.57,0,0
A9226,MR,13.1,74,62,68,4.76,0,0
A9227,MR,20.3,71,46,58,5.36,0,0
A9228,MR,18.4,79,51,65,6.11,0,0
A9229,MR,11.2,78,65,71,4.43,0,0
A9230,MR,11.5,87,77,82,6.07,0,0
A9231,MR,16.9,91,68,79,8.28,0,0
A9232,MB,15.8,83,72,77,6.95,16,5.5
A9233,MR,20,88,66,77,9.31,0,0
A9234,MR,21.9,90,55,72,8.92,0,0
A9235,BNS,21.6,102,77,89,13.44,0,0
A9236,MR,23.5,83,61,72,9.57,0,0
A9237,MR,15.4,69,59,64,4.95,0,0
A9238,MR,10.6,59,51,55,2.52,0,0
A9239,KR,14,70,56,63,4.36,0,0
A9240,KR,10.9,56,48,52,2.31,0,0
A9241,MR,17.8,59,42,50,3.5,0,0
A9242,MR,14.5,75,62,68,5.27,0,0
A9243,MR,13.4,88,73,80,6.74,0,0
A9244,MR,12.2,65,53,59,3.34,0,0
A9245,MR,15.1,111,87,99,11.62,0,0
A9246,MR,9.1,82,65,73,3.81,0,0
A9247,MR,14.8,57,46,51,3.02,0,0
A9248,MR,20.5,56,41,48,3.71,0,0
A9249,MR,17,62,41,51,3.47,0,0
A9250,MR,22.4,58,40,49,4.22,0,0
A9251,MR,21,57,41,49,3.96,0,0
A9252,MR,16.6,56,43,49,3.13,0,0
A9253,MR,21.4,78,52,65,7.1,0,0
A9254,MR,15,85,64,74,5.97,18,7.5
A9255,MR,18.4,56,40,48,3.33,0,0
A9256,MR,15,62,48,55,3.41,10,4.2
A9257,MR,19,65,46,55,4.51,0,0
A9258,MR,20.2,67,46,56,4.98,0,0
A9259,BNS,22.3,84,52,68,8.1,0,0
A9260,BNS,20.6,78,57,67,7.26,0,0
A9261,MR,21.1,67,46,56,5.2,0,0
A9262,MR,21.6,67,48,57,5.51,0,0
A9263,MR,19,81,67,74,7.98,10,2.3
A9264,MR,23.2,86,57,71,9.19,0,0
A9265,MR,22.7,83,61,72,9.24,0,0
A9266,MR,14.1,73,62,67,4.97,0,0
A9267,MR,17.2,73,56,64,5.53,0,0
A9268,MR,21.4,87,59,73,8.96,0,0
A9269,MR,20,75,55,65,6.64,0,0
A9270,MR,13.3,75,63,69,4.97,0,0
A9271,MR,21.3,74,40,57,5.44,0,0
A9272,MR,21.6,80,56,68,7.84,0,0
A9273,MR,20.3,78,54,66,6.95,0,0
A9274,MR,11.4,60,48,54,2.61,0,0
A9275,MR,8.9,57,51,54,1.95,10,4.4
A9276,MR,16.5,59,42,50,3.24,0,0
A9277,MR,9.2,66,62,64,2.96,0,0
A9278,MR,12.1,56,47,51,2.47,0,0
A9279,MR,13.1,83,64,73,5.48,0,0
A9280,MR,14.2,78,54,66,4.86,0,0
A9281,MR,11.6,64,57,60,3.28,0,0
A9282,MR,16.8,62,44,53,3.71,0,0
A9283,MR,19.9,85,63,74,8.56,0,0
A9284,MR,13.4,64,51,57,3.42,0,0
A9285,MR,16.1,83,69,76,6.99,14,4.3
A9286,MR,17.6,98,77,87,10.46,0,0
A9287,MR,23.2,75,55,65,7.7,0,0
A9288,MR,20.3,73,46,59,5.55,0,0
A9289,MR,19.4,74,56,65,6.44,0,0
A9290,MR,23.2,66,52,59,6.34,0,0
A9291,MR,18.5,74,47,60,5.23,0,0
A9292,MR,15.4,62,46,54,3.53,0,0
A9293,MR,18.1,75,52,63,5.64,0,0
A9294,MR,19.9,68,47,57,5.08,0,0
A9295,MR,18.9,67,44,55,4.49,0,0
A9296,MR,15.8,67,48,57,4.03,0,0
A9297,MR,17,67,52,59,4.65,0,0
A9298,MR,15,89,73,81,7.73,0,0
A9299,MR,13.3,58,49,53,2.93,0,0
A9300,MR,14,80,60,70,5.39,0,0
A9301,MR,20.3,74,44,59,5.55,0,0
A9302,MR,19.9,75,47,61,5.82,0,0
A9303,KR,16.4,57,46,51,3.19,10,4.9
A9304,MR,16.2,62,45,53,3.57,0,0
A9305,MR,18.5,88,63,75,8.17,0,0
A9306,BNS,21.2,86,59,72,8.63,0,0
A9307,MR,20.2,99,74,86,11.73,0,0
A9308,MR,19,70,52,61,5.55,0,0
A9309,MR,17.5,79,61,70,6.73,0,0
A9310,MR,11.4,90,70,80,5.73,0,0
A9311,MR,10.1,70,60,65,3.12,15,6.8
A9312,MR,13,79,64,71,5.15,0,0
A9313,MR,9.9,90,79,84,5.49,0,0
A9314,MR,13.2,70,57,63,3.78,16,8.2
A9315,MR,13.5,73,66,69,5.05,0,0
A9316,MR,18.4,60,42,51,3.76,0,0
A9317,MR,18,62,40,51,3.68,0,0
A9318,MR,19.4,62,45,53,4.28,0,0
A9319,MR,20.4,73,54,63,6.36,0,0
A9320,MR,14.9,68,45,56,3.67,0,0
A9321,MR,18.3,70,52,61,5.35,0,0
A9322,MR,11.6,69,59,64,3.73,0,0
A9323,MR,13.9,70,48,59,3.8,0,0
A9324,MR,13.5,58,46,52,2.87,0,0
A9325,MR,11.6,69,57,63,3.62,0,0
A9326,MR,16.7,83,59,71,6.61,0,0
A9327,MR,16.3,58,41,49,3.07,0,0
A9328,MR,14.4,69,53,61,3.79,17,9.9
A9329,MR,15.8,70,61,65,5.24,0,0
A9330,MR,17.5,62,53,57,4.47,0,0
A9331,MR,16.8,66,52,59,4.59,0,0
A9332,MR,12.4,60,45,52,2.63,0,0
A9333,MR,14.6,70,49,59,3.99,0,0
A9334,MR,16.3,56,43,49,3.07,0,0
A9335,MR,12.9,64,59,61,3.77,0,0
A9336,MR,18.5,70,49,59,5.06,0,0
A9337,MR,17.5,82,61,71,6.93,0,0
A9338,MR,18.3,59,45,52,3.89,0,0
A9339,MR,11.3,86,74,80,5.68,0,0
A9340,MR,10.8,67,53,60,3.05,0,0
A9341,MR,17.6,57,45,51,3.6,0,0
A9342,MR,17.7,116,88,102,13.52,23,6.5
A9343,MR,18.5,73,51,62,5.59,0,0
A9344,MR,16,54,40,47,2.78,0,0
A9345,MR,18.1,67,55,61,5.29,0,0
A9346,MR,18.9,65,56,60,5.34,0,0
A9347,MR,13.7,78,68,73,5.73,0,0
A9348,MR,19.2,92,67,79,9.41,0,0
A9349,BNS,18.6,76,41,58,4.73,10,3.8
A9350,MR,21.4,63,47,55,5.08,0,0
A9351,MR,21.2,63,42,52,4.5,0,0
A9352,MR,14.3,58,44,51,2.92,0,0
A9353,MR,13.7,64,53,58,3.62,0,0
A9354,MR,16.6,60,45,52,3.53,0,0
A9355,MR,15,76,51,63,4.34,15,7.2
A9356,MR,19.4,82,55,68,7.05,0,0
A9357,MR,21.6,75,51,63,6.73,0,0
A9358,KR,22,67,45,56,5.42,0,0
A9359,KR,22.1,79,53,66,7.56,0,0
A9360,KR,15.5,67,54,60,4.38,0,0
A9361,KR,18.6,62,41,51,3.8,0,0
A9362,MR,17.1,65,42,53,3.77,0,0
A9363,KR,23.4,78,44,61,6.84,0,0
A9364,KR,20.5,68,46,57,5.23,0,0
A9365,BNS,12.3,112,96,104,10.45,0,0
A9366,BNS,11.6,130,113,121,10.99,45,17.6
A9367,MR,16.9,75,52,63,5.27,0,0
A9368,MR,17,65,51,58,4.49,0,0
A9369,MB,22.9,65,42,53,5.05,0,0
A9370,MR,20.7,88,67,77,9.64,0,0
A9371,MR,22,66,42,54,5.04,0,0
A9372,MR,20.9,76,59,67,7.37,0,0
A9373,MR,18.9,68,53,60,5.34,0,0
A9374,MR,18.6,75,66,70,7.16,0,0
A9375,MR,19,70,51,60,5.37,0,0
A9376,MR,16.3,85,61,73,6.82,0,0
A9377,MR,16.7,56,48,52,3.55,0,0
A9378,KR,20.3,57,44,50,3.99,0,0
A9379,KR,22.1,68,47,57,5.64,0,0
A9380,BNS,20,96,79,87,11.89,0,0
A9381,MR,20.4,64,51,57,5.21,0,0
A9382,MR,15.5,59,44,51,3.17,0,0
A9383,MR,21.1,66,44,55,5.01,0,0
A9384,BNS,15.5,62,48,55,3.68,0,0
A9385,MR,18.7,85,61,73,7.83,0,0
A9386,KR,14.5,64,51,57,3.7,0,0
A9387,BNS,17.4,100,85,92,10.87,20,6
A9388,BNS,9.9,105,98,101,7.93,0,0
A9389,BNS,11.6,121,104,112,10.96,20,4.1
A9390,KR,21.9,70,51,60,6.19,0,0
A9391,KR,19.2,79,65,72,7.82,0,0
A9392,KR,17.3,74,58,66,5.92,0,0
A9393,KR,15,77,61,69,5.61,0,0
A9394,MB,18.8,85,65,75,8.31,0,0
A9395,KR,11.6,78,61,69,4.34,0,0
A9396,KR,17.2,57,42,49,3.24,0,0
A9397,KR,13.5,71,51,61,3.95,0,0
A9398,BNS,11.8,65,58,61,3.45,0,0
A9399,BNS,17.3,78,61,69,5.21,27,19.5
A9400,MR,16.9,80,58,69,6.32,0,0
A9401,BNS,22.1,75,46,60,5.87,13,6
A9402,MR,15.4,78,60,69,5.76,0,0
A9403,BNS,15.4,54,42,48,2.79,0,0
A9404,MR,20.6,77,58,67,7.26,0,0
A9405,BNS,14.4,65,52,58,3.23,20,15.1
A9406,MR,18.8,59,42,50,3.69,0,0
A9407,MR,17.7,70,45,57,4.52,0,0
A9408,BNS,17.7,73,61,67,5.67,18,9.2
A9409,KR,20,85,60,72,8.14,0,0
A9410,KR,21.8,71,54,62,6.58,0,0
A9411,KR,20.8,67,43,55,4.94,0,0
A9412,KR,21.4,73,46,59,5.85,0,0
A9413,KR,20.5,74,45,59,5.6,0,0
A9414,KR,20.7,65,49,57,5.28,0,0
A9415,KR,22.3,74,52,63,6.95,0,0
A9416,KR,19.5,70,42,56,4.8,0,0
A9417,MR,20.9,64,44,54,4.79,0,0
A9418,MR,14.8,56,43,49,2.79,0,0
A9419,MR,16.2,57,45,51,3.31,0,0
A9420,BNS,19.5,65,46,55,4.13,16,10.8
A9421,MR,13.5,64,53,58,3.57,0,0
A9422,MR,22.8,71,51,61,6.66,0,0
A9423,MR,19,56,42,49,3.58,0,0
A9424,BNS,21.6,76,51,63,5.95,19,11.6
A9425,MR,14.7,75,56,65,4.88,0,0
A9426,MR,19.3,63,43,53,4.26,0,0
A9427,MR,15.2,56,40,48,2.75,0,0
A9428,MR,23.1,83,55,69,8.64,0,0
A9429,MR,15.2,76,66,71,6.02,0,0
A9430,MR,14.7,67,58,62,4.44,0,0
A9431,MR,15.7,70,53,61,4.59,0,0
A9432,MR,20.8,78,51,64,6.69,0,0
A9433,KR,20.7,75,56,65,6.87,0,0
A9434,MR,15.8,77,57,67,5.41,10,2.8
A9435,MR,11.3,62,52,57,2.88,0,0
A9436,KR,16.2,86,63,74,6.97,0,0
A9437,KR,12,64,54,59,3.28,0,0
A9438,MR,11,79,65,72,4.48,0,0
A9439,MR,13.5,66,55,60,3.82,0,0
A9440,MR,11,83,75,79,5.39,0,0
A9441,MR,15.4,76,66,71,6.1,0,0
A9442,MR,10.5,67,56,61,3.07,0,0
A9443,MR,14,56,48,52,2.97,0,0
A9444,MR,13.6,91,79,85,7.72,0,0
A9445,MR,17.5,68,41,54,4.01,0,0
A9446,MR,19.5,78,59,68,7.08,0,0
A9447,MR,19.9,75,61,68,7.23,0,0
A9448,MR,15.1,65,58,61,4.41,0,0
A9449,MR,19.8,83,60,71,7.84,0,0
A9450,MR,18.9,71,53,62,5.71,0,0
A9451,MR,18.1,79,57,68,6.57,0,0
A9452,MR,18.5,92,77,84,10.25,0,0
A9453,MR,15.1,66,51,58,3.99,0,0
A9454,MR,18.4,74,54,64,5.92,0,0
A9455,MR,17.9,67,46,56,4.41,0,0
A9456,MR,15.8,68,51,59,4.32,0,0
A9457,MR,17.4,68,48,58,4.6,0,0
A9458,MR,18.2,64,46,55,4.32,0,0
A9459,MR,15.3,71,51,61,4.47,0,0
A9460,MR,15.7,69,55,62,4.58,10,3.3
A9461,MR,13.3,71,52,61,3.89,0,0
A9462,MR,14.1,68,49,58,3.73,0,0
A9463,MR,15.2,58,45,51,3.11,0,0
A9464,MR,17.1,67,55,61,5,0,0
A9465,MR,13.7,64,44,54,3.14,0,0
A9466,MR,15.2,75,58,66,5.2,0,0
A9467,MR,17.4,68,45,56,4.29,0,0
A9468,MR,15.6,66,46,56,3.84,0,0
A9469,MR,16.8,66,46,56,4.14,0,0
A9470,MR,16.4,58,45,51,3.35,0,0
A9471,MR,15.4,57,41,49,2.9,0,0
A9472,MR,17.6,73,53,63,5.49,0,0
A9473,MR,16.2,81,57,69,6.06,0,0
A9474,MR,15.1,88,70,79,7.4,0,0
A9475,MR,19.2,85,68,76,8.15,17,6.4
A9476,MR,21.5,67,43,55,5.11,0,0
A9477,MR,17,62,44,53,3.75,0,0
A9478,MR,12.7,70,60,65,4.21,0,0
A9479,MR,17.6,67,51,59,4.81,0,0
A9480,BNS,15.9,94,77,85,9.02,0,0
A9481,MR,14.7,62,49,55,3.35,10,4.2
A9482,MR,21.1,59,40,49,3.98,0,0
A9483,MB,17.4,69,55,62,5.25,0,0
A9484,MB,14.7,67,46,56,3.14,18,13.2
A9485,KR,21.7,71,51,61,6.34,0,0
A9486,KR,17.9,67,46,56,4.41,0,0
A9487,MB,15.5,75,57,66,5.3,0,0
A9488,MB,23,85,58,71,7.89,23,13.4
A9489,MR,17,64,51,57,4.34,0,0
A9490,MB,17.3,69,51,60,4.13,21,15.6
A9491,KR,18.5,70,48,59,5.06,0,0
A9492,KR,20.2,77,54,65,6.7,0,0
A9493,BNS,17.8,98,72,85,9.16,23,9.3
A9494,MR,17.4,62,53,57,4.44,0,0
A9495,BNS,18.2,64,51,57,3.92,20,15.7
A9496,MB,16.8,107,87,97,12.41,0,0
A9497,MB,14.9,64,52,58,3.76,11,4.6
A9498,KR,15.4,58,40,49,2.9,0,0
A9499,KR,20.8,75,48,61,6.08,0,0
A9500,KR,21.6,83,53,68,7.84,0,0
A9501,KR,20.4,83,46,64,6.56,0,0
A9502,KR,22.6,70,51,60,6.39,0,0
A9503,KR,19.6,85,56,70,7.54,0,0
A9504,KR,18.1,63,40,51,3.7,0,0
A9505,KR,18.8,56,40,48,3.4,0,0
A9506,KR,17.8,62,45,53,3.93,0,0
A9507,KR,14,75,57,66,4.79,0,0
A9508,MR,16,60,44,52,3.4,0,0
A9509,KR,21.5,83,63,73,9,0,0
A9510,BNS,15.4,57,45,51,3.15,0,0
A9511,BNS,16.8,65,47,56,3.76,15,9.1
A9512,MR,16.7,74,47,60,4.72,0,0
A9513,MR,16.2,59,47,53,3.57,0,0
A9514,MR,16.3,66,51,58,4.31,0,0
A9515,MR,14.6,62,44,53,3.22,0,0
A9516,MR,13.9,73,45,59,3.25,20,14.6
A9517,MR,13.1,60,51,55,3.11,0,0
A9518,MR,14.6,62,48,55,3.47,0,0
A9519,MR,15,70,56,63,4.19,18,10.4
A9520,MR,17.2,65,51,58,4.54,0,0
A9521,MR,14.8,56,47,51,3.02,0,0
A9522,MR,17.1,83,66,74,7.11,12,3.3
A9523,MR,20.8,64,46,55,4.94,0,0
A9524,MR,18.9,69,53,61,5.52,0,0
A9525,MR,17.4,67,43,55,4.13,0,0
A9526,MR,17.8,64,51,57,4.36,10,3.9
A9527,MR,20.2,78,53,65,6.7,0,0
A9528,MR,15.3,65,54,59,4.18,0,0
A9529,MR,15.1,56,44,50,2.96,0,0
A9530,MR,19.5,69,43,56,4.8,0,0
A9531,MR,19.8,73,44,58,5.23,0,0
A9532,MR,19.6,64,48,56,4.83,0,0
A9533,MR,20.6,79,44,61,6.02,0,0
A9534,MR,23.1,64,42,53,5.1,0,0
A9535,MR,16,92,63,77,7.45,0,0
A9536,MR,19.9,63,45,54,4.56,0,0
A9537,MR,19.4,67,49,58,5.13,0,0
A9538,MR,20.5,57,41,49,3.87,0,0
A9539,MR,23.8,66,43,54,5.45,0,0
A9540,MR,20.9,81,58,69,7.82,0,0
A9541,MR,18.1,70,54,62,5.46,0,0
A9542,MR,18.5,59,44,51,3.78,0,0
A9543,MR,18.1,73,55,64,5.82,0,0
A9544,MR,15,79,62,70,5.77,0,0
A9545,MR,12.2,98,72,85,6.92,0,0
A9546,MR,14.1,73,59,66,4.82,0,0
A9547,KR,23.2,73,45,59,6.34,0,0
A9548,MR,22.8,82,61,71,9.03,0,0
A9549,MR,17.2,69,53,61,5.03,0,0
A9550,KR,17.4,79,57,68,6.32,0,0
A9551,MR,15.3,73,54,63,4.77,0,0
A9552,MR,18,76,56,66,5.98,10,2.9
A9553,MR,22.2,62,42,52,4.71,0,0
A9554,MR,20.2,83,55,69,7.55,0,0
A9555,MR,20.3,63,48,55,4.82,0,0
A9556,MR,19.4,58,45,51,3.96,0,0
A9557,MR,15.9,57,42,49,3,0,0
A9558,MR,14.1,64,47,55,3.35,0,0
A9559,MR,12,91,75,83,6.49,0,0
A9560,MR,12.4,60,46,53,2.74,0,0
A9561,MR,12.7,64,55,59,3.47,0,0
A9562,MR,19.9,62,44,53,4.39,0,0
A9563,KR,14.2,57,44,50,2.79,0,0
A9564,KR,12.3,58,53,55,2.92,0,0
A9565,MR,12.4,59,51,55,2.95,0,0
A9566,KR,12.5,64,57,60,3.53,0,0
A9567,MR,18.7,60,40,50,3.67,0,0
A9568,MR,19.4,74,48,61,5.67,0,0
A9569,MR,19,75,57,66,6.5,0,0
A9570,MR,13.5,83,72,77,5.75,20,8.6
A9571,MR,13.1,73,66,69,4.9,0,0
A9572,KR,19.1,64,47,55,4.54,0,0
A9573,KR,16.7,59,41,50,3.28,0,0
A9574,KR,16.3,64,51,57,4.16,0,0
A9575,MR,16,73,65,69,5.98,0,0
A9576,MR,13.1,67,48,57,3.34,0,0
A9577,MR,15.2,62,46,54,3.22,13,7.4
A9578,MR,19.5,73,53,63,6.08,0,0
A9579,MR,13.9,65,57,61,4.06,0,0
A9580,MR,16.4,59,51,55,3.9,0,0
A9581,MR,17.7,64,48,56,4.36,0,0
A9582,MR,15.4,75,53,64,4.95,0,0
A9583,MR,19.7,75,56,65,6.54,0,0
A9584,MR,14.1,68,52,60,3.99,0,0
A9585,MR,16.4,58,44,51,3.35,0,0
A9586,MR,14.9,56,41,48,2.7,0,0
A9587,MR,19.6,75,53,64,6.31,0,0
A9588,KR,11.6,70,62,66,3.97,0,0
A9589,MR,16.1,62,51,56,3.97,0,0
A9590,BNS,16.5,67,57,62,4.98,0,0
A9591,BNS,15.2,136,124,130,18.52,33,8.2
A9592,MR,16.7,57,43,50,3.28,0,0
A9593,KR,18.5,59,41,50,3.63,0,0
A9594,BNS,19.4,56,40,48,3.51,0,0
A9595,BNS,13.6,83,58,70,5.1,10,2.6
A9596,MR,13.2,60,56,58,3.49,0,0
A9597,MR,12.7,56,46,51,2.59,0,0
A9598,KR,12.3,51,41,46,2.04,0,0
A9599,MR,12.1,62,44,53,2.67,0,0
A9600,KR,12.7,58,48,53,2.8,0,0
A9601,MR,9.3,89,72,80,4.67,0,0
A9602,MR,12.6,69,57,63,3.93,0,0
A9603,MR,12,60,46,53,2.65,0,0
A9604,MR,13.3,83,74,78,6.36,0,0
A9605,MR,14,56,42,49,2.64,0,0
A9606,KR,17.4,65,46,55,4.13,0,0
A9607,KR,20.7,81,59,70,7.97,0,0
A9608,MR,16.1,70,47,58,4.25,0,0
A9609,KR,21.1,82,46,64,6.79,0,0
A9610,MR,13.7,86,72,79,6.72,0,0
A9611,MR,15.4,67,49,58,4.07,0,0
A9612,MR,16.4,81,65,73,6.86,0,0
A9613,MR,17,63,48,55,4.04,0,0
A9614,KR,20.4,66,47,56,5.02,0,0
A9615,MR,20.7,69,51,60,5.85,0,0
A9616,MR,14.3,69,53,61,4.18,0,0
A9617,MR,19,80,59,69,7.1,0,0
A9618,MR,11.9,58,40,49,2.24,0,0
A9619,MR,19.4,98,79,88,11.8,0,0
A9620,MR,16.9,83,57,70,6.5,0,0
A9621,MR,19.8,92,60,76,8.98,0,0
A9622,MR,18.3,66,53,59,5,0,0
A9623,MR,15.8,66,51,58,4.17,0,0
A9624,MR,15.5,81,58,69,5.8,0,0
A9625,MR,16.1,56,42,49,3.04,0,0
A9626,MR,14.9,57,40,48,2.7,0,0
A9627,MR,21.5,68,45,56,5.3,0,0
A9628,MR,21.3,59,47,53,4.7,0,0
A9629,BNS,11.4,100,92,96,6.69,37,18.9
A9630,BNS,10.8,63,57,60,2.95,10,3.5
A9631,KR,20,71,51,61,5.84,0,0
A9632,MR,17.3,59,47,53,3.82,0,0
A9633,MR,15.8,70,47,58,3.82,15,8.5
A9634,KR,19.9,63,46,54,4.56,0,0
A9635,KR,18.8,56,41,48,3.4,0,0
A9636,MR,13.3,56,44,50,2.61,0,0
A9637,MR,20.4,63,42,52,4.33,0,0
A9638,MR,21.6,71,51,61,6.31,0,0
A9639,MR,21.1,64,46,55,5.01,0,0
A9640,MR,14.5,64,43,53,3.2,0,0
A9641,BNS,19.8,63,47,55,4.7,0,0
A9642,MR,16.3,81,58,69,6.1,0,0
A9643,MR,9.4,78,74,76,4.26,0,0
A9644,MR,13.8,63,52,57,3.52,0,0
A9645,MR,12,70,54,62,3.5,10,3.3
A9646,MR,16.2,82,63,72,6.6,0,0
A9647,MR,19.8,68,43,55,4.7,0,0
A9648,MR,17.6,56,44,50,3.46,0,0
A9649,MR,13.8,88,68,78,6.59,0,0
A9650,MR,11.9,69,58,63,3.71,0,0
A9651,MR,17.1,95,74,84,9.48,0,0
A9652,KR,19.9,64,49,56,4.9,0,0
A9653,MR,12.2,60,52,56,2.88,10,4.1
A9654,KR,11,104,87,95,7.8,0,0
A9655,KR,11.2,131,107,119,12.46,0,0
A9656,MR,15.6,79,63,71,6.18,0,0
A9657,KR,11.1,67,63,65,3.68,0,0
A9658,MR,18,78,51,64,5.79,0,0
A9659,MR,18.4,69,48,58,4.86,0,0
A9660,MR,11.3,78,65,71,4.47,0,0
A9661,MR,15,67,51,59,4.1,0,0
A9662,MR,22.8,79,54,66,7.8,0,0
A9663,MR,18.7,74,53,63,5.83,0,0
A9664,MR,16,59,45,52,3.4,0,0
A9665,MR,11.9,69,59,64,3.83,0,0
A9666,MR,8.5,111,96,103,7.08,0,0
A9667,MR,17.9,65,51,58,4.73,0,0
A9668,MR,15.7,71,53,62,4.74,0,0
A9669,MR,14.7,97,77,87,8.74,0,0
A9670,MR,12.8,64,51,57,3.27,0,0
A9671,MR,16.8,60,46,53,3.71,0,0
A9672,MR,22.8,81,54,67,8.04,0,0
A9673,MR,19.1,58,44,51,3.9,0,0
A9674,MR,14.6,69,57,63,4.55,0,0
A9675,MR,20.6,88,65,76,9.35,0,0
A9676,MR,14.2,91,82,86,8.25,0,0
A9677,MR,17.1,56,46,51,3.49,0,0
A9678,MR,21.4,64,43,53,4.72,0,0
A9679,MR,10.8,75,66,70,4.16,0,0
A9680,MR,12.1,64,47,55,2.87,0,0
A9681,MR,16.3,67,54,60,4.61,0,0
A9682,MR,18.5,67,53,60,5.23,0,0
A9683,BNS,21.3,75,56,65,7.07,0,0
A9684,MR,16.8,59,43,51,3.43,0,0
A9685,MR,13.9,73,59,66,4.76,0,0
A9686,MR,13.1,68,61,64,4.21,0,0
A9687,MR,11.6,66,60,63,3.62,0,0
A9688,MR,12.5,93,70,81,6.44,0,0
A9689,MR,11.6,90,75,82,6.13,0,0
A9690,MR,14.8,130,98,114,14.11,26,6.6
A9691,MR,13.1,77,65,71,5.19,0,0
A9692,MR,12.3,89,66,77,5.73,0,0
A9693,MR,21.2,82,61,71,8.39,0,0
A9694,MR,18.1,84,68,76,7.08,25,13.8
A9695,MR,22.5,78,48,63,6.79,10,3.2
A9696,MR,21.3,88,63,75,9.41,0,0
A9697,MR,20.3,63,45,54,4.44,10,4.4
A9698,MR,20.4,68,49,58,5.39,0,0
A9699,MR,20.9,73,45,59,5.71,0,0
A9700,MR,13.7,62,48,55,3.25,0,0
A9701,MR,12.3,68,61,64,3.68,15,7
A9702,BNS,17.3,94,82,88,9.76,21,7.2
A9703,MR,17.8,99,89,94,12.09,12,2.1
A9704,BNS,21.9,64,43,53,4.83,0,0
A9705,MR,21.6,103,80,91,14.05,0,0
A9706,MR,17.7,62,43,52,3.76,0,0
A9707,BNS,22.4,82,57,69,8.38,0,0
A9708,MR,20.1,74,51,62,6.07,0,0
A9709,MR,14.1,76,58,67,4.83,10,2.8
A9710,MR,10.4,57,53,55,2.47,0,0
A9711,KR,20.9,64,41,52,4.44,0,0
A9712,KR,19.2,70,53,61,5.61,0,0
A9713,MR,21.4,67,46,56,5.27,0,0
A9714,KR,23,68,52,60,6.5,0,0
A9715,KR,23,68,43,55,5.46,0,0
A9716,KR,23.1,67,51,59,6.32,0,0
A9717,MR,20.4,63,43,53,4.5,0,0
A9718,KR,21.6,77,58,67,7.62,0,0
A9719,KR,10.3,68,56,62,3.11,0,0
A9720,MR,10.6,53,46,49,2,0,0
A9721,MR,16.8,87,65,76,7.62,0,0
A9722,MR,18,60,47,53,3.97,0,0
A9723,MR,10.1,64,53,58,2.67,0,0
A9724,KR,11,74,57,65,3.65,0,0
A9725,KR,12.9,57,53,55,3.06,0,0
A9726,MR,19.1,90,70,80,8.99,18,6.4
A9727,KR,19.4,86,61,73,8.12,0,0
A9728,MR,20.4,66,46,56,5.02,0,0
A9729,KR,18,107,95,101,14.42,0,0
A9730,KR,24.1,80,60,70,9.27,0,0
A9731,KR,17.5,60,40,50,3.44,0,0
A9732,KR,21.4,69,47,58,5.65,0,0
A9733,KR,16.7,70,57,63,5.21,0,0
A9734,BNS,12.3,60,54,57,3.14,0,0
A9735,MR,17.2,60,45,52,3.65,0,0
A9736,MR,19.8,67,43,55,4.7,0,0
A9737,MR,21.3,68,43,55,5.06,0,0
A9738,MR,13,68,57,62,3.92,0,0
A9739,MR,15.1,65,47,56,3.72,0,0
A9740,MR,21.9,73,45,59,5.99,0,0
A9741,MR,18.3,69,57,63,5.7,0,0
A9742,MR,13.5,69,55,62,4.08,0,0
A9743,MR,17.7,56,45,50,3.48,0,0
A9744,MR,18.9,58,42,50,3.71,0,0
A9745,MR,22,57,42,49,4.15,0,0
A9746,MR,22.1,75,46,60,6.25,0,0
A9747,MR,22,73,41,57,5.61,0,0
A9748,MR,19.3,62,47,54,4.42,0,0
A9749,MR,22.5,73,51,62,6.79,0,0
A9750,MR,17.6,73,60,66,6.02,0,0
A9751,MR,22.9,83,56,69,8.56,0,0
A9752,MR,15.1,59,44,51,2.93,10,4.9
A9753,MR,14.1,67,51,59,3.85,0,0
A9754,MR,16.9,75,57,66,5.78,0,0
A9755,MR,12.5,56,43,49,2.36,0,0
A9756,MR,18,70,56,63,5.61,0,0
A9757,MR,19.9,75,45,60,5.63,0,0
A9758,MR,8.1,60,52,56,2,0,0
A9759,MR,17.7,65,59,62,5.34,0,0
A9760,MR,10.1,89,86,87,5.86,12,2.4
A9761,MR,19.2,70,52,61,5.61,0,0
A9762,BNS,22.5,76,43,59,6.15,0,0
A9763,MR,13.4,89,75,82,7.08,0,0
A9764,BNS,17.1,62,48,55,3.86,11,5.1
A9765,MR,18.2,67,45,56,4.48,0,0
A9766,MR,16.1,63,48,55,3.83,0,0
A9767,MR,13.6,71,56,63,4.24,0,0
A9768,MR,16.3,70,56,63,5.08,0,0
A9769,MR,21,56,43,49,3.96,0,0
A9770,BNS,18.1,112,97,104,12.49,40,18.8
A9771,BNS,15.5,127,108,117,14.55,37,12.7
A9772,BNS,11.5,122,117,119,11.75,30,8.1
A9773,BNS,11.5,85,75,80,5.52,15,4.5
A9774,MR,22.3,59,44,51,4.56,0,0
A9775,KR,20.1,82,54,68,7.3,0,0
A9776,KR,14.1,70,59,64,3.79,23,16.4
A9777,MR,15.2,76,56,66,5.2,0,0
A9778,MR,20.3,89,66,77,9.45,0,0
A9779,BNS,16.4,74,51,62,4.95,0,0
A9780,BNS,16.2,54,40,47,2.81,0,0
A9781,MR,21.7,56,43,49,4.09,0,0
A9782,BNS,15.8,60,44,52,3.36,0,0
A9783,BNS,23.1,99,77,88,14.05,0,0
A9784,BNS,18.1,70,55,62,5.46,0,0
A9785,MR,15.2,58,45,51,3.11,0,0
A9786,MR,20.7,62,45,53,4.57,0,0
A9787,MB,16.2,65,51,58,3.75,18,12.3
A9788,MR,14.3,79,62,70,5.5,0,0
A9789,MR,18.6,87,67,77,8.06,18,7
A9790,MR,11.1,58,42,50,2.18,0,0
A9791,MB,17,77,62,69,6.36,0,0
A9792,MR,15.2,56,40,48,2.75,0,0
A9793,MR,22.2,88,64,76,10.07,0,0
A9794,MR,21.5,65,46,55,5.11,0,0
A9795,MR,19.8,75,52,63,5.6,17,9.3
A9796,MR,12.4,73,63,68,4.5,0,0
A9797,BNS,9.1,53,41,47,1.58,0,0
A9798,MR,12.6,90,72,81,6.49,0,0
A9799,MR,16.5,78,56,67,5.82,0,0
A9800,MR,15.6,67,55,61,4.56,0,0
A9801,MR,14.8,62,42,52,3.14,0,0
A9802,MR,17.7,59,45,52,3.76,0,0
A9803,MR,11.3,64,46,55,2.68,0,0
A9804,MR,12.2,100,87,93,8.29,0,0
A9805,KR,16.1,59,45,52,3.42,0,0
A9806,MR,13.3,66,59,62,4.02,0,0
A9807,MR,13,66,59,62,3.92,0,0
A9808,MR,19.5,75,51,63,6.08,0,0
A9809,MR,14.9,65,52,58,3.94,0,0
A9810,MR,12,92,74,83,6.49,0,0
A9811,MR,15,75,60,67,5.29,0,0
A9812,KR,12.2,73,62,67,3.82,20,11.3
A9813,BNS,20.1,69,52,60,5.68,0,0
A9814,BNS,16.9,62,48,55,4.02,0,0
A9815,MR,16,81,59,70,6.16,0,0
A9816,KR,13.9,76,65,70,5.35,0,0
A9817,KR,16,66,59,62,4.83,0,0
A9818,MR,20.2,63,47,55,4.8,0,0
A9819,BNS,19.4,83,73,78,9.27,0,0
A9820,BNS,16.4,107,97,102,11.93,30,11
A9821,MR,21.8,79,49,64,7.01,0,0
A9822,MB,13.2,73,59,66,3.93,21,12.9
A9823,MR,19.5,77,56,66,6.67,0,0
A9824,KR,21.1,65,52,58,5.57,0,0
A9825,BNS,15.2,68,47,57,3.88,0,0
A9826,BNS,18.1,59,52,55,4.3,0,0
A9827,MB,17,60,48,54,3.89,0,0
A9828,MB,15.6,82,58,70,6,0,0
A9829,BNS,13.3,53,42,47,2.31,0,0
A9830,KR,21.3,79,53,66,7.29,0,0
A9831,KR,18.5,67,54,60,5.23,0,0
A9832,KR,15.1,63,48,55,3.59,0,0
A9833,KR,16.6,67,43,55,3.94,0,0
A9834,KR,16.7,77,51,64,5.37,0,0
A9835,KR,19.3,62,51,56,4.75,0,0
A9836,MR,10.5,75,68,71,4.16,0,0
A9837,BNS,11.3,129,108,118,11.76,23,4.8
A9838,BNS,12.5,83,69,76,5.17,20,8.8
A9839,MR,19.2,69,51,60,5.43,0,0
A9840,MR,14,67,48,57,3.57,0,0
A9841,MR,9.5,58,45,51,1.94,0,0
A9842,MR,8.4,93,88,90,5.34,0,0
A9843,BNS,11.5,146,125,135,13.93,47,15.4
A9844,MR,12,103,87,95,7.63,27,10.3
A9845,MR,10.2,67,58,62,2.85,15,7.5
A9846,MR,16.4,110,97,103,13.66,0,0
A9847,MR,20.8,69,57,63,6.08,14,6.3
A9848,MR,15.9,73,57,65,5.28,0,0
A9849,MR,19.9,62,45,53,4.39,0,0
A9850,MR,15.4,65,51,58,4.07,0,0
A9851,MR,11.5,58,49,53,2.54,0,0
A9852,MR,19.4,60,51,55,4.61,0,0
A9853,MR,22.3,77,56,66,7.63,0,0
A9854,MR,15.7,80,59,69,5.87,0,0
A9855,KR,16.1,65,53,59,4.4,0,0
A9856,KR,13,91,87,89,8.09,0,0
A9857,KR,11.2,105,91,98,8.45,0,0
A9858,KR,17.7,116,90,103,14.75,0,0
A9859,MR,18.7,57,40,48,3.38,0,0
A9860,MR,18.7,68,51,59,5.11,0,0
A9861,MR,17,65,56,60,4.81,0,0
A9862,KR,21.1,68,51,59,5.77,0,0
A9863,MR,22.8,100,62,81,11.75,0,0
A9864,KR,9,106,96,101,7.21,0,0
A9865,MR,20.8,65,46,55,4.94,0,0
A9866,MR,17.5,75,63,69,6.54,0,0
A9867,MR,10.3,57,47,52,2.19,0,0
A9868,MR,10.9,78,64,71,4.32,0,0
A9869,MR,10.4,76,62,69,3.89,0,0
A9870,MR,8.2,63,55,59,2.24,0,0
A9871,MR,18.1,57,41,49,3.41,0,0
A9872,MR,17.3,59,42,50,3.4,0,0
A9873,MR,8.4,63,61,62,2.54,0,0
A9874,MR,15.6,62,48,55,3.71,0,0
A9875,MR,19.4,70,52,61,5.67,0,0
A9876,MR,19.7,66,51,58,5.2,0,0
A9877,MR,15.9,57,46,51,3.25,0,0
A9878,MR,15.5,58,44,51,3.17,0,0
A9879,MR,13.9,73,46,59,3.8,0,0
A9880,MR,15.1,63,53,58,3.99,0,0
A9881,MR,15,88,72,80,7.54,0,0
A9882,MR,12,69,64,66,4.11,0,0
A9883,MR,13.9,65,51,58,3.67,0,0
A9884,MR,13.8,56,45,50,2.21,19,18.4
A9885,MR,13.4,67,51,59,3.66,0,0
A9886,MR,13,77,59,68,4.39,16,7
A9887,KR,13,80,68,74,5.59,0,0
A9888,KR,13.4,92,78,85,7.6,0,0
A9889,MR,21.6,78,48,63,6.73,0,0
A9890,MR,18,79,61,70,6.93,0,0
A9891,MR,15.3,56,42,49,2.89,0,0
A9892,MR,18.4,62,53,57,4.7,0,0
A9893,MR,21.8,83,53,68,7.92,0,0
A9894,MR,15.6,66,52,59,4.27,0,0
A9895,MR,11,56,44,50,2.16,0,0
A9896,MR,15.4,83,66,74,6.62,0,0
A9897,KR,16.4,63,45,54,3.76,0,0
A9898,KR,19.3,73,44,58,5.1,0,0
A9899,KR,12.4,67,55,61,3.62,0,0
A9900,BNS,11.8,75,63,69,4.07,17,7.7
A9901,KR,8.3,102,85,93,5.64,0,0
A9902,MR,18,75,56,65,5.97,0,0
A9903,MR,18.9,62,45,53,3.98,10,4.5
A9904,MR,9.9,67,62,64,3.18,0,0
A9905,KR,20.5,69,52,60,5.8,0,0
A9906,MR,15.6,60,46,53,3.44,0,0
A9907,MR,21.2,62,46,54,4.86,0,0
A9908,MR,18.2,73,62,67,6.42,0,0
A9909,KR,18.7,69,42,55,4.44,0,0
A9910,MR,19,58,41,49,3.58,0,0
A9911,KR,12.1,81,61,71,4.79,0,0
A9912,KR,16,62,49,55,3.8,0,0
A9913,KR,15.2,92,74,83,8.22,0,0
A9914,KR,17.8,62,44,53,3.93,0,0
A9915,MR,20.9,68,53,60,5.91,0,0
A9916,MR,18.5,62,46,54,4.24,0,0
A9917,MR,20.7,68,45,56,5.1,0,0
A9918,MB,17.8,62,45,53,3.07,22,21.9
A9919,MB,16.1,75,53,64,5.18,0,0
A9920,MB,16.5,67,49,58,4.36,0,0
A9921,MR,16.1,60,51,55,3.41,16,10.8
A9922,MR,17.9,62,48,55,3.85,15,9.5
A9923,MR,12.1,63,51,57,3.09,0,0
B1,BNS,12.5,55,45,50,2.45,0,0
B2,KR,22.3,64,43,53,4.92,0,0
B3,MR,22.1,78,61,69,8.26,0,0
B4,MR,11.9,87,77,82,6.28,0,0
B5,MR,17.1,73,57,65,5.67,0,0
B6,MR,23.8,73,51,62,7.19,0,0
B7,MR,23.2,84,49,66,7.94,0,0
B8,MR,16,70,49,59,4.37,0,0
B9,MR,17.3,67,49,58,4.57,0,0
B10,MR,16.2,73,53,63,5.05,0,0
B11,MR,16.8,65,45,55,3.99,0,0
B12,MR,17.2,68,40,54,3.94,0,0
B13,MR,17.9,60,45,52,3.8,0,0
B14,MR,16.8,63,48,55,3.99,0,0
B15,MR,17,62,46,54,3.89,0,0
B16,MR,17.6,67,52,59,4.81,0,0
B17,MR,11.1,75,67,71,4.39,0,0
B18,MR,17.1,76,62,69,6.39,0,0
B19,MR,18.5,68,54,61,5.41,0,0
B20,MR,18.2,65,51,58,4.81,0,0
B21,MR,16.3,77,63,70,6.27,0,0
B22,MR,15.6,62,49,55,3.71,0,0
B23,MR,15.5,59,44,51,3.17,0,0
B24,MR,19.6,67,48,57,5,0,0
B25,MR,18.5,63,55,59,5.06,0,0
B26,MR,21,82,58,70,8.08,0,0
B27,BNS,11.1,97,86,91,7.06,12,2.2
B28,BNS,11.6,93,79,86,6.74,0,0
B29,BNS,12.1,104,90,97,8.94,0,0
B30,BNS,12.3,87,74,80,6.18,0,0
B31,BNS,13,97,87,92,8.43,13,2.5
B32,BNS,21.4,96,67,81,11.03,0,0
B33,MR,16,58,45,51,3.27,0,0
B34,MR,20.9,74,58,66,7.15,0,0
B35,BNS,16.2,116,102,109,13.85,28,8.4
B36,MR,18.1,56,44,50,3.55,0,0
B37,MR,15.5,60,42,51,3.17,0,0
B38,MR,11.7,63,53,58,3.09,0,0
B39,BNS,12.2,78,66,72,4.48,20,9.8
B40,MR,12.4,71,65,68,4.38,10,2.8
B41,MR,9.5,75,67,71,3.76,0,0
B42,MR,22.6,79,67,73,9.46,0,0
B43,KR,22.2,64,46,55,5.27,0,0
B44,MR,24,85,64,74,10.32,0,0
B45,MR,16.9,59,45,52,3.59,0,0
B46,MR,21.4,69,53,61,6.25,0,0
B47,MR,23.2,73,49,61,6.78,0,0
B48,MR,23.5,77,55,66,8.04,0,0
B49,KR,13.9,64,48,56,3.42,0,0
B50,KR,10.7,78,64,71,4.24,0,0
B51,MR,8.7,65,63,64,2.8,0,0
B52,MR,14.5,65,54,59,3.13,24,21.1
B53,MR,17.3,56,44,50,3.4,0,0
B54,MR,21.6,99,78,88,13.14,0,0
B55,MR,20.5,62,45,53,4.52,0,0
B56,MR,18.7,66,47,56,4.61,0,0
B57,MR,15.5,77,55,66,5.3,0,0
B58,MR,13.8,58,46,52,2.93,0,0
B59,MR,14.1,64,47,55,3.35,0,0
B60,KR,16.5,73,59,66,5.64,0,0
B61,MR,15.7,67,57,62,4.74,0,0
B62,KR,10.4,64,56,60,2.94,0,0
B63,BNS,20.8,89,61,75,9.19,0,0
B64,MR,15.5,60,49,54,3.55,0,0
B65,MR,23.3,65,54,59,6.37,0,0
B66,MR,11.7,77,63,70,4.5,0,0
B67,KR,12.9,82,63,72,5.25,0,0
B68,KR,15.5,60,44,52,3.07,12,6.8
B69,MB,15.6,75,61,68,5.27,16,7
B70,KR,21.7,67,48,57,5.54,0,0
B71,KR,19.4,64,44,54,4.44,0,0
B72,BNS,12.3,57,42,49,2.32,0,0
B73,KR,17.9,65,48,56,4.41,0,0
B74,KR,22.5,67,42,54,5.15,0,0
B75,KR,22.5,84,58,71,8.91,0,0
B76,BNS,17.6,66,48,57,3.79,20,15.7
B77,MR,17.6,65,52,58,4.47,10,3.8
B78,MR,11.6,56,46,51,2.37,0,0
B79,KR,12.2,65,44,54,2.79,0,0
B80,KR,21.6,65,44,54,4.95,0,0
B81,MR,15.9,62,46,54,3.64,0,0
B82,MR,21.8,67,45,56,5.37,0,0
B83,BNS,19,65,51,58,5.02,0,0
B84,MR,19.6,73,48,60,5.54,0,0
B85,MR,17,67,49,58,4.49,0,0
B86,MR,21.7,70,45,57,5.54,0,0
B87,MR,16.7,97,72,84,9.25,0,0
B88,KR,14.9,55,40,47,2.59,0,0
B89,KR,21.8,75,48,61,6.37,0,0
B90,BNS,16.8,51,40,45,2.67,0,0
B91,MR,16.6,60,52,56,4.09,0,0
B92,BNS,16.7,59,44,51,3.41,0,0
B93,BNS,13.7,74,62,68,4.98,0,0
B94,BNS,11.7,59,45,52,2.06,19,17
B95,MR,14.8,62,55,58,3.91,0,0
B96,MB,16.8,75,57,66,5.75,0,0
B97,BNS,16.3,55,40,47,2.83,0,0
B98,MB,16,60,44,52,3.4,0,0
B99,BNS,13.2,80,69,74,4.92,24,13.4
B100,MR,17.1,69,47,58,4.52,0,0
B101,MR,20.5,57,45,51,4.19,0,0
B102,MR,14.1,62,47,54,2.48,23,23.1
B103,MB,18.7,63,46,54,4.28,0,0
B104,MB,16,54,43,48,2.26,20,22.1
B105,MR,20.4,70,54,62,5.81,13,5.6
B106,BNS,17.4,70,60,65,5.77,0,0
B107,KR,14.6,68,54,61,4.27,0,0
B108,KR,16.2,69,59,64,5.21,0,0
B109,KR,17.3,70,51,60,4.89,0,0
B110,KR,17.2,65,45,55,4.09,0,0
B111,KR,17.3,53,46,49,3.26,0,0
B112,KR,19,59,40,49,3.39,10,5.3
B113,KR,14.8,62,45,53,3.27,0,0
B114,KR,22.2,68,45,56,5.47,0,0
B115,MR,23.5,77,52,64,7.56,0,0
B116,MR,20.8,64,51,57,5.31,0,0
B117,MR,17.7,69,57,63,5.52,0,0
B118,MR,21.3,110,84,97,15.74,0,0
B119,MR,22.1,63,45,54,5.06,0,0
B120,MR,22.3,69,52,60,6.31,0,0
B121,MR,13.7,68,57,62,4.14,0,0
B122,MR,11.8,87,80,83,6.38,0,0
B123,MR,12,74,68,71,4.75,0,0
B124,MR,14,82,66,74,6.02,0,0
B125,KR,21.1,64,47,55,5.01,0,0
B126,MR,21.8,62,49,55,5.18,0,0
B127,MR,14.7,92,81,86,8.54,0,0
B128,MR,16.8,74,62,68,6.1,0,0
B129,MR,17.2,69,48,58,4.54,0,0
B130,MR,17.2,69,53,61,5.03,0,0
B131,MR,17.6,78,54,66,6.02,0,0
B132,MR,14.9,66,43,54,3.41,0,0
B133,MR,15.2,58,46,52,3.23,0,0
B134,MR,13.9,58,48,53,3.07,0,0
B135,MR,21.8,68,51,59,5.96,0,0
B136,MR,19.5,69,44,56,4.8,0,0
B137,MR,21,90,63,76,9.53,0,0
B138,MR,22.9,75,42,58,6.05,0,0
B139,MR,20.4,82,62,72,8.31,0,0
B140,MR,19.5,73,49,61,5.7,0,0
B141,MR,17.9,76,60,68,6.5,0,0
B142,MR,20,67,48,57,5.1,0,0
B143,MR,18.4,67,45,56,4.53,0,0
B144,MR,23.1,100,68,84,12.8,0,0
B145,MR,21.7,78,61,69,8.11,0,0
B146,MR,12.4,89,74,81,6.39,0,0
B147,MR,12.9,75,60,67,4.55,0,0
B148,MR,20.7,73,55,64,6.66,0,0
B149,KR,22.4,75,44,59,6.12,0,0
B150,MR,18.2,79,51,65,6.04,0,0
B151,MR,16.4,65,42,53,3.62,0,0
B152,MR,15.4,91,68,79,7.55,0,0
B153,MR,23.1,78,56,67,8.14,0,0
B154,MR,21.8,83,65,74,9.38,0,0
B155,MR,16.2,66,44,55,3.85,0,0
B156,MR,16.2,66,44,55,3.06,22,20.4
B157,MR,10.8,85,73,79,5.29,0,0
B158,KR,15.5,58,47,52,3.29,0,0
B159,KR,12.6,80,58,69,4.71,0,0
B160,MR,18.6,62,49,55,4.42,0,0
B161,MR,16,69,49,59,4.37,0,0
B162,MR,13,57,45,51,2.66,0,0
B163,MR,16.8,80,59,69,6.28,0,0
B164,MR,15.3,68,54,61,4.47,0,0
B165,MR,22.9,81,47,64,7.37,0,0
B166,MR,17,63,46,54,3.89,0,0
B167,MR,23.2,76,51,63,7.23,0,0
B168,KR,19.4,64,43,53,4.28,0,0
B169,KR,20.9,78,55,66,7.15,0,0
B170,KR,15.6,65,55,60,3.9,18,11.5
B171,KR,14.8,64,56,60,3.18,26,23.9
B172,KR,23,84,54,69,7.04,26,18.1
B173,KR,19.5,79,49,64,6.27,0,0
B174,MR,19.9,75,55,65,6.6,0,0
B175,MR,21.9,93,67,80,11.01,0,0
B176,KR,18,64,44,54,4.12,0,0
B177,KR,18.6,78,49,63,5.8,0,0
B178,KR,20.4,79,46,62,6.16,0,0
B179,KR,22.6,70,47,58,5.97,0,0
B180,KR,18.7,73,51,62,5.65,0,0
B181,BNS,13.8,70,57,63,4.13,11,3.9
B182,BNS,14.5,60,46,53,3.2,0,0
B183,KR,20.2,79,57,68,7.34,0,0
B184,KR,16,69,53,61,4.68,0,0
B185,KR,16.4,56,41,48,2.97,0,0
B186,KR,14,52,40,46,2.33,0,0
B187,KR,12.9,71,52,61,3.77,0,0
B188,MR,15.6,56,47,51,3.19,0,0
B189,KR,16,53,40,46,2.66,0,0
B190,KR,14.9,52,40,46,2.48,0,0
B191,KR,17.6,63,45,54,4.03,0,0
B192,KR,10.8,65,57,61,2.58,23,18.1
B193,KR,12,51,40,45,1.91,0,0
B194,KR,15.5,55,41,48,2.8,0,0
B195,BNS,17.4,65,48,56,4.11,10,4.1
B196,KR,16.8,60,43,51,3.43,0,0
B197,KR,12.3,56,44,50,2.42,0,0
B198,KR,20,75,51,63,6.23,0,0
B199,MB,15.5,69,60,64,4.99,0,0
B200,BNS,17,58,55,56,4.19,0,0
B201,MR,12.3,56,51,53,2.71,0,0
B202,MR,17.2,68,52,60,4.86,0,0
B203,KR,18.7,67,49,58,4.94,0,0
B204,MB,18,56,40,48,3.26,0,0
B205,MR,20,80,54,67,7.05,0,0
B206,BNS,17.9,79,63,71,7.09,0,0
B207,MB,11.4,62,43,52,2.42,0,0
B208,KR,19.6,76,56,66,6.71,0,0
B209,KR,18.2,69,42,55,4.32,0,0
B210,KR,14.8,62,46,54,3.39,0,0
B211,MR,19.2,65,44,54,4.4,0,0
B212,KR,21,80,59,69,7.85,0,0
B213,KR,21.2,63,40,51,4.33,0,0
B214,BNS,14,112,98,105,12.12,0,0
B215,MR,17.5,65,45,55,4.16,0,0
B216,MR,18.5,60,47,53,4.08,0,0
B217,MR,18.8,67,49,58,4.78,10,3.8
B218,MB,14.9,76,58,67,5.25,0,0
B219,MR,21.3,71,48,59,5.82,0,0
B220,KR,21.5,64,46,55,5.11,0,0
B221,MR,17.3,69,53,61,5.06,0,0
B222,MR,15.4,60,49,54,3.53,0,0
B223,BNS,21.3,64,46,55,5.06,0,0
B224,MR,17.4,65,53,59,4.76,0,0
B225,MR,16.2,71,61,66,5.54,0,0
B226,MR,18.6,78,55,66,5.94,15,6.6
B227,MR,12.8,64,54,59,3.35,11,4.4
B228,BNS,9.9,132,124,128,10.55,47,17.2
B229,KR,22.7,62,40,51,4.64,0,0
B230,BNS,18.3,94,79,86,10.16,16,4.4
B231,MR,18.6,79,58,68,6.75,0,0
B232,MR,17.6,67,55,61,5.14,0,0
B233,MR,18.6,60,44,52,3.95,0,0
B234,MR,18.2,66,54,60,4.88,12,5.1
B235,MR,18.8,56,43,49,3.55,0,0
B236,MR,18.2,59,44,51,3.72,0,0
B237,KR,21.2,68,47,57,5.41,0,0
B238,MR,21.3,81,55,68,7.74,0,0
B239,KR,20.8,70,49,59,5.69,0,0
B240,KR,16,53,43,48,2.9,0,0
B241,KR,12.2,67,53,60,3.45,0,0
B242,KR,21.6,58,42,50,4.24,0,0
B243,KR,18.4,54,40,47,3.19,0,0
B244,MR,14.8,56,49,52,3.14,0,0
B245,BNS,11.9,126,118,122,13.91,0,0
B246,BNS,20.5,79,62,70,7.89,0,0
B247,MR,18.2,68,49,58,4.81,0,0
B248,MR,23.2,82,55,68,8.43,0,0
B249,MR,17,68,52,60,4.42,15,8
B250,MR,17,60,46,53,3.75,0,0
B251,MR,16.6,66,44,55,3.94,0,0
B252,KR,13.1,76,55,65,4.35,0,0
B253,MR,11.9,70,59,64,3.83,0,0
B254,MR,16.2,57,40,48,2.93,0,0
B255,MR,13,59,48,53,2.87,0,0
B256,KR,15,56,44,50,2.95,0,0
B257,MR,16.9,57,42,49,3.02,10,5.3
B258,KR,15.1,59,37,48,2.73,0,0
B259,KR,16.5,77,59,68,5.99,0,0
B260,MB,12.8,56,44,50,2.51,0,0
B261,BNS,14.5,64,52,58,3.13,22,18.3
B262,KR,20.6,64,42,53,4.54,0,0
B263,KR,19.8,63,42,52,4.2,0,0
B264,MR,20.8,56,42,49,3.92,0,0
B265,MR,18.5,66,47,56,4.56,0,0
B266,MB,17.5,55,40,47,3.04,0,0
B267,MB,12.4,51,42,46,2.06,0,0
B268,MB,9.4,51,40,45,1.5,0,0
B269,BNS,18.9,57,42,49,3.56,0,0
B270,MB,16.2,65,47,56,3.34,20,16.2
B271,MB,17.7,74,56,65,5.7,10,3
B272,KR,9.1,97,95,96,6.59,0,0
B273,MR,17.5,73,54,63,5.46,0,0
B274,MR,12.6,95,75,85,7.02,10,1.8
B275,KR,12.2,85,77,81,6.29,0,0
B276,KR,18.1,73,43,58,4.78,0,0
B277,KR,10.4,102,83,92,6.91,0,0
B278,KR,14.1,82,66,74,6.06,0,0
B279,KR,11.1,67,56,61,3.24,0,0
B280,BNS,17.8,84,63,73,7.45,0,0
B281,MR,16.3,63,45,54,3.73,0,0
B282,MR,12.6,58,44,51,2.45,10,4.9
B283,KR,14.4,65,40,52,3.06,0,0
B284,KR,21.7,67,44,55,5.16,0,0
B285,BNS,19.6,68,48,58,5.18,0,0
B286,MB,14.2,57,42,49,2.44,13,9
B287,BNS,13.9,67,48,57,3.31,13,6.6
B288,MR,13,69,58,63,4.05,0,0
B289,BNS,12.7,56,43,49,2.39,0,0
B290,MR,9,78,72,75,3.98,0,0
B291,MR,14.1,91,42,66,4.82,0,0
B292,MR,13.3,67,51,59,3.64,0,0
B293,MR,12.6,64,57,60,3.56,0,0
B294,MR,14.8,58,46,52,3.14,0,0
B295,MR,20.8,89,64,76,9.44,0,0
B296,BNS,19,56,39,47,3.3,0,0
B297,MB,21.1,68,43,55,5.01,0,0
B298,MR,16.8,59,48,53,3.71,0,0
B299,BNS,18,70,46,58,4.76,0,0
B300,MR,16.4,80,62,71,6.49,0,0
B301,KR,12.9,53,42,47,2.24,0,0
B302,BNS,17.9,66,43,54,4.1,0,0
B303,BNS,17.6,58,47,52,3.74,0,0
B304,BNS,14.3,64,54,59,3.91,0,0
B305,MR,12.3,65,51,58,2.76,20,15.1
B306,MR,17.6,62,43,52,3.04,20,18.8
B307,MR,19,88,67,77,8.85,0,0
B308,MR,16.3,69,51,60,4.61,0,0
B309,KR,20.1,56,44,50,3.95,0,0
B310,MR,18.4,82,64,73,6.89,21,10.5
B311,KR,20.6,65,45,55,4.89,0,0
B312,MR,24.4,57,46,51,4.98,0,0
B313,KR,16.8,78,61,69,6.28,0,0
B314,KR,17.5,67,45,56,4.31,0,0
B315,KR,9.6,69,45,57,2.2,16,10
B316,KR,13,65,49,57,3.32,0,0
B317,KR,18,79,58,68,6.54,0,0
B318,KR,19.8,69,54,61,5.79,0,0
B319,KR,19.3,74,49,61,5.64,0,0
B320,MR,20.6,75,55,65,6.84,0,0
B321,MB,21.2,69,51,60,5.99,0,0
B322,MR,16.8,56,42,49,3,10,5.3
B323,MR,17.9,60,48,54,4.1,0,0
B324,MB,9.6,56,47,51,1.58,20,19.6
B325,MB,19.1,65,42,53,4.21,0,0
B326,BNS,15.3,77,62,69,4.84,24,15.4
B327,BNS,15.9,55,47,51,3.25,0,0
B328,MR,12.9,68,61,64,4.15,0,0
B329,MR,16.2,57,46,51,3.31,0,0
B330,MR,20.6,66,48,57,5.26,0,0
B331,MR,13.6,66,53,59,3.58,10,3.7
