noBtg,idBarcode,jenis,panjang,pangkal,ujung,rata2,volume,grCm,gr%
L74,,BNS,4.6,71,70,70,1.77,0,0
L75,,MM,4.4,93,90,91,2.86,0,0
L76,,MB,4.1,118,110,114,3.53,40,15.7
4A,,BK,5.1,98,77,87,3.03,0,0
4C,,BK,5.1,71,66,68,1.85,0,0
4D,,BK,3.7,66,63,64,1.19,0,0
2A,,MR,5.2,46,42,44,0.79,0,0
2C,,MR,5.4,37,33,35,0.52,0,0
3A,,MR,5.4,85,69,77,2.51,0,0
3B,,MR,5.1,69,66,67,1.8,0,0
10B,,MR,5.1,39,34,36,0.52,0,0
10C,,MR,4.3,34,32,33,0.37,0,0
10D,,MR,4.3,32,31,31,0.32,0,0
13D,,RC,3.1,34,33,33,0.27,0,0
14A,,KR,4.1,47,41,44,0.62,0,0
14C,,KR,4.1,37,32,34,0.37,0,0
14D,,KR,5.5,32,29,30,0.39,0,0
5A,,RC,5.1,59,55,57,1.3,0,0
6B,,RC,5.1,39,36,37,0.55,0,0
6D,,RC,3,34,32,33,0.26,0,0
49,,M,5.1,60,59,59,1.17,21,16.1
40A,,MS,4.1,80,70,75,1.81,0,0
39E,,KR,4.3,41,40,40,0.54,0,0
40B,,MS,4.1,70,68,69,1.53,0,0
40C,,MS,4.1,68,63,65,1.36,0,0
38D,,NYT,4.1,39,37,38,0.46,0,0
35B,,MP,4.1,47,44,45,0.65,0,0
50A,,MB,5.1,44,35,39,0.61,0,0
50B,,MB,3.5,36,35,35,0.34,0,0
50C,,MB,3.2,35,30,32,0.26,0,0
52A,,RC,4.2,39,34,36,0.43,0,0
52B,,RC,4.2,34,32,33,0.36,0,0
52C,,RC,4.1,32,31,31,0.31,0,0
52D,,RC,3.4,31,29,30,0.24,0,0
53A,,RC,4.2,50,47,48,0.76,0,0
53B,,RC,4.1,47,43,45,0.65,0,0
53C,,RC,3.3,43,42,42,0.46,0,0
53D,,RC,3.6,42,41,41,0.48,0,0
53E,,RC,4.1,41,37,39,0.49,0,0
40D,,MS,4.1,63,61,62,1.24,0,0
40E,,MS,2.2,60,58,59,0.6,0,0
83A,,MR,4.1,53,45,49,0.77,0,0
83B,,MR,4.1,45,39,42,0.57,0,0
83C,,MR,4.1,38,37,37,0.44,0,0
83D,,MR,4.1,36,33,34,0.37,0,0
83E,,MR,2.7,33,32,32,0.22,0,0
82A,,MR,4.1,62,57,59,1.12,0,0
82B,,MR,3.1,57,54,55,0.74,0,0
82C,,MR,3.1,54,51,52,0.66,0,0
11A,,MR,4.1,86,83,84,2.27,0,0
11C,,MR,4.1,75,74,74,1.76,0,0
11D,,MR,3.6,74,71,72,1.47,0,0
28A,,MB,4.1,62,51,56,1.01,0,0
28B,,MB,3.1,51,50,50,0.61,0,0
27B,,MR,4.1,63,62,62,1.24,0,0
27C,,MR,4.1,62,58,60,1.16,0,0
27D,,MR,2.9,58,55,56,0.71,0,0
27E,,MR,3.1,55,51,53,0.68,0,0
29A,,RC,4.1,54,47,50,0.81,0,0
29B,,RC,4.1,47,45,46,0.68,0,0
29C,,RC,3.2,45,44,44,0.49,0,0
84A,,MB,5.1,99,97,98,3.85,0,0
84B,,MB,4.9,97,93,95,3.47,0,0
L33A,,BK,4.1,119,113,116,4.33,0,0
87B,,MB,2.6,54,53,53,0.57,0,0
87C,,MB,3,53,52,52,0.64,0,0
9C,,M,4.5,43,40,41,0.59,0,0
88B,,M,4.1,47,45,46,0.68,0,0
88D,,M,3,43,38,40,0.38,0,0
88E,,M,3,38,35,36,0.31,0,0
89A,,M,5.1,40,39,39,0.61,0,0
89B,,M,4.1,39,36,37,0.44,0,0
89C,,M,4.1,36,33,34,0.37,0,0
89D,,M,4.1,33,31,32,0.33,0,0
90A,,MR,4.1,50,44,47,0.71,0,0
90B,,MR,4.1,44,41,42,0.57,0,0
90C,,MR,4.1,41,39,40,0.52,0,0
90D,,MR,3,39,38,38,0.34,0,0
91A,,BK,5.1,46,37,41,0.67,0,0
91B,,BK,5.1,37,33,35,0.49,0,0
91C,,BK,4.1,33,32,32,0.33,0,0
91D,,BK,2.7,32,31,31,0.2,0,0
7A,,KR,5.1,79,66,72,2.08,0,0
7D,,KR,5.1,61,54,57,1.3,0,0
8C,,RC,4,46,43,44,0.61,0,0
55,,M,4.1,40,36,38,0.46,0,0
57,,M,2.7,34,34,34,0.25,0,0
58,,SB,5.2,85,77,81,2.68,0,0
59,,KR,4.1,55,52,53,0.9,0,0
61,,RC,5.1,50,45,47,0.88,0,0
62,,RC,5.1,62,51,56,1.26,0,0
63,,RC,4.1,63,43,53,0.9,0,0
65,,KR,4.2,51,50,50,0.82,0,0
66,,KR,4.2,58,49,53,0.93,0,0
67,,KR,4.2,49,45,47,0.73,0,0
69,,SB,5.2,78,71,74,2.24,0,0
70,,M,4.2,51,48,49,0.79,0,0
71,,M,4.2,47,44,45,0.67,0,0
72,,RC,4.1,43,40,41,0.54,0,0
73,,RC,4.2,51,49,50,0.82,0,0
74,,RC,3.1,43,41,42,0.43,0,0
75,,RC,4.2,48,44,46,0.7,0,0
76,,KR,4.2,47,45,46,0.7,0,0
77,,RC,4.2,45,43,44,0.64,0,0
78,,M,4.3,44,42,43,0.62,0,0
79,,RC,3.2,49,46,47,0.56,0,0
81,,SB,5.2,74,70,72,2.12,0,0
93A,,MB,5.2,53,52,52,1.1,0,0
93C,,MB,5.1,47,43,45,0.81,0,0
93D,,MB,3.7,43,42,42,0.51,0,0
94A,,MR,4.1,39,37,38,0.46,0,0
95A,,MB,4.5,42,37,39,0.54,0,0
95B,,MB,4.1,37,36,36,0.42,0,0
95C,,MB,4.2,36,34,35,0.4,0,0
96B,,MR,4.1,44,42,43,0.6,0,0
99B,,MB,4.1,54,52,53,0.9,0,0
100C,,RC,3.1,45,43,44,0.47,0,0
100D,,RC,3.1,43,41,42,0.43,0,0
101A,,RC,4.1,48,40,44,0.62,0,0
101B,,RC,4.1,40,39,39,0.49,0,0
101C,,RC,4.1,39,38,38,0.46,0,0
101D,,RC,3.1,38,36,37,0.33,0,0
102A,,KR,5.1,55,52,53,1.13,0,0
102B,,KR,5.1,52,46,49,0.96,0,0
102C,,KR,5.1,46,43,44,0.78,0,0
102D,,KR,4.2,43,39,41,0.55,0,0
103B,,RC,4.1,46,42,44,0.62,0,0
103C,,RC,4.1,42,37,39,0.49,0,0
103D,,RC,3.2,37,35,36,0.33,0,0
103E,,RC,3.2,35,32,33,0.27,0,0
104A,,SB,5.1,44,39,41,0.67,0,0
104B,,SB,5.1,39,33,36,0.52,0,0
104C,,SB,3.1,33,30,31,0.23,0,0
104D,,SB,3.1,30,30,30,0.22,0,0
105A,,MS,4.1,46,42,44,0.62,0,0
106A,,RC,4.1,44,40,42,0.57,0,0
106C,,RC,4.1,36,28,32,0.33,0,0
107C,,MR,4.1,40,37,38,0.46,0,0
108A,,KPS,4.1,50,44,47,0.71,0,0
108B,,KPS,4.1,49,47,48,0.74,0,0
108C,,KPS,4.1,47,43,45,0.65,0,0
108D,,KPS,3.6,43,42,42,0.5,0,0
101E,,RC,3,36,32,34,0.27,0,0
36B,,MB,5.3,58,57,57,1.35,0,0
36C,,MB,5.2,57,56,56,1.28,0,0
92A,,RC,5.1,47,47,47,0.88,0,0
92B,,RC,4.1,42,42,42,0.57,0,0
92C,,RC,4.1,37,37,37,0.44,0,0
106D,,RC,3.1,28,28,28,0.19,0,0
L41C,,SB,4.3,64,60,62,1.3,0,0
L40A,,KR,4.1,49,49,49,0.77,0,0
L38A,,SB,5.1,52,50,51,1.04,0,0
L37A,,BNS,4,63,62,62,1.21,0,0
85A,,KR,5.8,86,76,81,2.99,0,0
85C,,KR,5.1,74,73,73,2.13,0,0
86C,,MR,4.1,53,50,51,0.84,0,0
86D,,MR,3,50,49,49,0.57,0,0
86E,,MR,3,49,48,48,0.54,0,0
109A,,SB,5.1,61,50,55,1.21,0,0
109B,,SB,5.1,50,47,48,0.92,0,0
109C,,SB,5.1,47,44,45,0.81,0,0
109D,,SB,5.1,44,43,43,0.74,0,0
110A,,SB,5.5,91,84,87,3.27,0,0
110B,,SB,5.2,84,79,81,2.68,0,0
112A,,SB,5.1,82,81,81,2.63,0,0
112D,,SB,3.1,66,65,65,1.03,0,0
112E,,SB,3,65,60,62,0.91,0,0
113E,,MR,4.1,53,50,51,0.84,0,0
114C,,RC,3,46,45,45,0.48,0,0
114D,,RC,2.9,45,43,44,0.44,0,0
115A,,MB,5.1,94,91,92,3.39,0,0
117C,,M,3,82,79,80,1.51,0,0
117D,,M,3,79,78,78,1.43,0,0
118C,,SB,2.8,37,35,36,0.29,0,0
119A,,KR,5.2,37,35,36,0.53,0,0
120A,,RC,4.1,44,39,41,0.54,0,0
120B,,RC,4.1,39,36,37,0.44,0,0
120C,,RC,3,36,35,35,0.29,0,0
121A,,RC,4.2,43,41,42,0.58,0,0
121B,,RC,4.2,41,37,39,0.5,0,0
121D,,RC,3.1,35,34,34,0.28,0,0
122C,,RC,4.1,52,50,51,0.84,0,0
122D,,RC,3.9,50,49,49,0.74,0,0
124C,,M,3,37,36,36,0.31,0,0
125C,,M,3.1,42,41,41,0.41,0,0
126B,,RC,4,33,32,32,0.32,0,0
127E,,M,3.1,40,39,39,0.37,0,0
128C,,SB,5.1,62,61,61,1.49,0,0
128D,,SB,2.9,61,60,60,0.82,0,0
129B,,M,4.1,67,64,65,1.36,0,0
129D,,M,4.1,61,57,59,1.12,0,0
131D,,KR,5.1,46,43,44,0.78,0,0
132B,,RC,4.1,43,41,42,0.57,0,0
132D,,RC,3.1,40,38,39,0.37,0,0
133D,,RC,2.8,43,42,42,0.39,0,0
134C,,M,4.1,54,53,53,0.9,0,0
134D,,M,3.7,53,53,53,0.82,0,0
137D,,M,3.1,47,47,47,0.54,0,0
137E,,M,3.2,45,45,45,0.51,0,0
139D,,M,3.1,54,54,54,0.71,0,0
153A,,MB,4.2,93,84,88,2.55,0,0
153B,,MB,4.2,84,81,82,2.22,0,0
136D,,M,4.1,51,50,50,0.81,0,0
136E,,M,2.8,50,49,49,0.53,0,0
138D,,KR,3.1,45,39,42,0.43,0,0
138E,,KR,2.8,39,35,37,0.3,0,0
154E,,KR,5.1,51,45,48,0.92,0,0
155A,,M,4.1,73,62,67,1.45,0,0
155C,,M,4.1,58,56,57,1.05,0,0
155D,,M,4.1,56,50,53,0.9,0,0
155E,,M,4.2,50,49,49,0.79,0,0
159B,,M,4.1,88,85,86,2.38,0,0
159D,,M,5.1,80,78,79,2.5,0,0
20C,,RC,5.1,54,46,50,1,0,0
20D,,RC,3.1,46,44,45,0.49,0,0
20E,,RC,2.7,44,43,43,0.39,0,0
148A,,MS,4.1,69,65,67,1.45,0,0
148C,,MS,4.1,60,57,58,1.08,0,0
148E,,MS,3,51,49,50,0.59,0,0
147B,,M,4.1,53,50,51,0.84,0,0
147D,,M,3.3,45,44,44,0.5,0,0
146A,,MB,5.1,65,55,60,1.44,0,0
146B,,MB,4.1,55,53,54,0.94,0,0
146C,,MB,4.1,53,51,52,0.87,0,0
146D,,MB,3.5,51,50,50,0.69,0,0
145A,,KR,5,52,49,50,0.98,0,0
145B,,KR,5.1,49,45,47,0.88,0,0
145C,,KR,5.1,45,43,44,0.78,0,0
145D,,KR,4.3,43,41,42,0.6,0,0
145E,,KR,4,41,40,40,0.5,0,0
144A,,M,4.1,82,70,76,1.86,0,0
144B,,M,4.1,70,65,67,1.45,0,0
144C,,M,4.1,65,65,65,1.36,0,0
144E,,M,3.1,61,50,55,0.74,0,0
143A,,SB,5.1,75,66,70,1.96,0,0
143D,,SB,4.3,56,54,55,1.02,0,0
143E,,SB,4.3,54,52,53,0.95,0,0
142A,,SB,5.1,55,51,53,1.13,0,0
142B,,SB,5.1,51,47,49,0.96,0,0
142D,,SB,5.2,46,45,45,0.83,0,0
141A,,SB,5.1,73,68,70,1.96,0,0
141B,,SB,5.1,68,61,64,1.64,0,0
141C,,SB,4.1,61,59,60,1.16,0,0
141D,,SB,3.7,59,58,58,0.98,0,0
140A,,M,4.2,72,66,69,1.57,0,0
162A,,SB,5.1,76,66,71,2.02,0,0
162B,,SB,5.2,66,65,65,1.73,0,0
162C,,SB,4.1,65,64,64,1.32,0,0
162D,,SB,4.1,64,61,62,1.24,0,0
163A,,SB,5.2,58,44,51,1.06,0,0
163B,,SB,5.2,44,43,43,0.76,0,0
163C,,SB,5.2,43,42,42,0.72,0,0
163D,,SB,4.5,42,41,41,0.59,0,0
164A,,RC,4.1,54,48,51,0.84,0,0
164B,,RC,4.1,47,47,47,0.71,0,0
164C,,RC,3.8,47,45,46,0.63,0,0
165A,,M,4.2,76,74,75,1.86,0,0
165B,,M,3.3,74,71,72,1.34,0,0
170A,,M,4.1,76,70,73,1.72,0,0
170B,,M,4.1,70,68,69,1.53,0,0
170E,,M,4.1,63,62,62,1.24,0,0
170F,,M,3.6,62,62,62,1.09,0,0
171A,,M,5.2,97,93,95,3.69,0,0
171B,,M,4.1,93,83,88,2.49,0,0
171C,,M,4,83,80,81,2.06,0,0
172A,,M,5.3,98,93,95,3.76,0,0
172B,,M,4.1,93,88,90,2.61,0,0
172C,,M,4.1,88,84,86,2.38,0,0
172D,,M,4.1,84,83,83,2.22,0,0
177A,,M,5.1,72,65,68,1.85,0,0
177B,,M,4.1,65,64,64,1.32,0,0
177D,,M,3.1,63,62,62,0.94,0,0
166A,,M,3.1,57,54,55,0.74,0,0
166B,,M,3.1,54,45,49,0.58,0,0
167A,,M,4.1,75,63,69,1.53,0,0
167C,,M,3.2,54,52,53,0.71,0,0
167D,,M,3.2,52,51,51,0.65,0,0
173A,,BNS,5.1,84,73,78,2.44,0,0
173B,,BNS,5.1,67,65,66,1.74,0,0
173C,,BNS,5.1,65,63,64,1.64,0,0
173D,,BNS,5.1,63,62,62,1.54,0,0
173E,,BNS,5.1,62,59,60,1.44,0,0
174A,,BNS,5.1,84,74,79,2.5,0,0
174B,,BNS,5.1,74,72,73,2.13,0,0
174C,,BNS,5.1,72,66,69,1.91,0,0
174D,,BNS,4.1,66,65,65,1.36,0,0
174E,,BNS,3,65,64,64,0.97,0,0
175A,,BNS,5.1,68,61,64,1.64,0,0
175B,,BNS,4.4,61,56,58,1.16,0,0
175C,,BNS,4.3,56,55,55,1.02,0,0
176A,,BNS,4.2,57,55,56,1.03,0,0
176B,,BNS,4.2,55,54,54,0.96,0,0
176C,,BNS,3.5,54,53,53,0.77,0,0
178A,,BNS,4.1,52,45,48,0.74,0,0
178B,,BNS,4.1,45,44,44,0.62,0,0
178C,,BNS,3,44,42,43,0.44,0,0
178D,,BNS,3,42,41,41,0.4,0,0
179A,,BNS,5.2,71,66,68,1.89,0,0
179B,,BNS,4.2,66,64,65,1.39,0,0
179C,,BNS,4.2,64,60,62,1.27,0,0
179D,,BNS,4.1,60,53,56,1.01,0,0
L180A,,BK,4.1,105,101,103,3.42,0,0
L180B,,BK,4.2,101,98,99,3.23,0,0
L180C,,BK,4.1,98,97,97,3.03,0,0
181A,,MB,4.1,60,57,58,1.08,0,0
181B,,MB,4.1,57,55,56,1.01,0,0
181C,,MB,4.1,55,51,53,0.9,0,0
182A,,MB,4.1,49,47,48,0.74,0,0
183A,,MB,4.2,88,83,85,2.38,0,0
183B,,MB,4.2,83,82,82,2.22,0,0
183C,,MB,4.1,82,80,81,2.11,0,0
183D,,MB,4.1,80,78,79,2.01,0,0
185B,,MB,5.1,67,64,65,1.69,0,0
20A,,RC,3.1,45,41,43,0.45,0,0
20B,,RC,2.7,41,36,38,0.31,0,0
186A,,MB,4.1,64,60,62,1.24,0,0
186B,,MB,5.1,60,55,57,1.3,0,0
186C,,MB,5.1,55,53,54,1.17,0,0
L33B,,BNS,4.1,110,105,107,3.32,30,10
L33C,,BNS,4.1,105,103,104,3.48,0,0
L38D,,RC,3.2,42,41,41,0.42,0,0
126D,,RC,2.5,31,30,30,0.18,0,0
126C,,RC,3,32,31,31,0.23,0,0
187C,,LBN,4.1,67,62,64,1.32,0,0
187D,,LBN,4.1,62,57,59,1.12,0,0
187E,,LBN,4.1,57,56,56,1.01,0,0
187F,,LBN,4.1,56,53,54,0.94,0,0
187G,,LBN,4.1,52,47,49,0.77,0,0
188A,,SB,5.1,69,64,66,1.74,0,0
188B,,SB,5.1,64,58,61,1.49,0,0
188C,,SB,4.1,58,50,54,0.94,0,0
188D,,SB,3.6,50,49,49,0.68,0,0
189A,,MB,2.5,108,100,104,2.12,0,0
189B,,MB,4.1,100,94,97,3.03,0,0
189C,,MB,4.1,94,87,90,2.61,0,0
189D,,MB,4.1,87,84,85,2.33,0,0
189F,,MB,4.1,79,74,76,1.86,0,0
189G,,MB,3.1,73,72,72,1.26,0,0
192A,,MB,5.1,83,75,79,2.5,0,0
192B,,MB,5.1,75,73,74,2.19,0,0
192C,,MB,4.1,73,71,72,1.67,0,0
192D,,MB,3.1,71,69,70,1.19,0,0
192E,,MB,4.1,69,66,67,1.45,0,0
193C,,M,4.1,77,76,76,1.86,0,0
193D,,M,4.1,76,75,75,1.81,0,0
193E,,M,4.1,75,74,74,1.76,0,0
193F,,M,4.2,74,73,73,1.76,0,0
194A,,M,5.2,68,62,65,1.73,0,0
194B,,M,4.1,62,56,59,1.12,0,0
194C,,M,5.1,56,53,54,1.17,0,0
194D,,M,4.1,53,49,51,0.84,0,0
194E,,M,4.1,49,44,46,0.68,0,0
195A,,M,5.1,57,53,55,1.21,0,0
195B,,M,5.1,53,50,51,1.04,0,0
195C,,M,4.4,50,44,47,0.76,0,0
196A,,M,5.1,64,53,58,1.35,0,0
196C,,M,5.1,53,48,50,1,0,0
196B,,M,5.1,48,45,46,0.85,0,0
196D,,M,5.2,45,42,43,0.76,0,0
197A,,M,5.1,50,47,48,0.92,0,0
197B,,M,3.1,47,45,46,0.52,0,0
197C,,M,5.1,45,43,44,0.78,0,0
197D,,M,5.1,43,40,41,0.67,0,0
190A,,KR,5.1,66,54,60,1.44,0,0
190B,,KR,5.1,54,53,53,1.13,0,0
190C,,KR,5.1,53,48,50,1,0,0
190D,,SB,3.2,48,47,47,0.56,0,0
191A,,SB,5.1,55,49,52,1.08,0,0
191B,,SB,5.1,49,43,46,0.85,0,0
191C,,SB,4.3,43,40,41,0.57,0,0
198A,,SB,5.1,50,42,46,0.85,0,0
198B,,SB,5.2,42,39,40,0.65,0,0
198C,,SB,5.2,39,37,38,0.59,0,0
198D,,M,4.4,37,36,36,0.45,0,0
200A,,M,3.1,58,56,57,0.79,0,0
200B,,M,4.1,56,51,53,0.9,0,0
200C,,M,4.1,51,50,50,0.81,0,0
200D,,M,3.5,50,45,47,0.61,0,0
199A,,M,4.1,56,53,54,0.94,0,0
199B,,M,4.1,53,51,52,0.87,0,0
199C,,SB,4.1,51,46,48,0.74,0,0
201A,,SB,5.1,81,77,79,2.5,0,0
201B,,SB,5.1,77,72,74,2.19,0,0
201C,,SB,5.1,72,68,70,1.96,0,0
201D,,SB,4.1,68,64,66,1.4,0,0
199D,,M,3,46,43,44,0.46,0,0
199E,,M,2.6,43,36,39,0.31,0,0
201E,,M,4.2,64,63,63,1.31,0,0
202A,,MB,5.1,84,76,80,2.56,0,0
202B,,MB,4.3,76,70,73,1.8,0,0
202D,,MB,3.1,67,64,65,1.03,0,0
203A,,M,4.1,66,60,63,1.28,0,0
203C,,M,4.2,57,55,56,1.03,0,0
204A,,M,4.2,58,49,53,0.93,0,0
204B,,M,4.3,49,41,45,0.68,0,0
204D,,M,4.1,40,38,39,0.49,0,0
205C,,M,4.1,52,49,50,0.81,0,0
205D,,M,2.5,49,45,47,0.43,0,0
205E,,M,4.1,45,40,42,0.57,0,0
207A,,RC,4.1,51,47,49,0.77,0,0
207C,,RC,4.1,46,45,45,0.65,0,0
208A,,M,4.3,52,48,50,0.84,0,0
208B,,M,4.2,48,47,47,0.73,0,0
209B,,SB,5.1,46,45,45,0.81,0,0
210A,,SB,4.1,59,55,57,1.05,0,0
210C,,SB,3.2,52,50,51,0.65,0,0
210D,,SB,3.1,50,46,48,0.56,0,0
211A,,RC,4.1,52,50,51,0.84,0,0
211B,,RC,4.1,50,46,48,0.74,0,0
211D,,RC,3.3,42,41,41,0.44,0,0
211E,,RC,3.1,41,40,40,0.39,0,0
212C,,RC,4.1,50,47,48,0.74,0,0
213C,,RC,3,34,33,33,0.26,0,0
213D,,RC,2.5,33,32,32,0.2,0,0
215B,,MB,3.2,51,50,50,0.63,0,0
215C,,MB,3.2,50,49,49,0.6,0,0
216A,,RC,4.3,45,38,41,0.57,0,0
216B,,RC,4.3,38,36,37,0.46,0,0
216C,,RC,4.1,36,35,35,0.39,0,0
216D,,RC,4.1,35,32,33,0.35,0,0
216E,,RC,4.1,32,30,31,0.31,0,0
217A,,RC,4.1,56,50,53,0.9,0,0
217B,,RC,4.1,50,48,49,0.77,0,0
217D,,RC,3.1,45,42,43,0.45,0,0
218A,,RC,4.1,58,56,57,1.05,0,0
218B,,RC,4.1,56,54,55,0.97,0,0
218C,,RC,4.1,54,52,53,0.9,0,0
218D,,RC,4,52,48,50,0.79,0,0
218E,,RC,3,48,47,47,0.52,0,0
219A,,M,4.1,49,48,48,0.74,0,0
219C,,M,4.1,47,46,46,0.68,0,0
219D,,M,4,46,45,45,0.64,0,0
219E,,M,2.5,45,44,44,0.38,0,0
220A,,KR,5.1,57,46,51,1.04,0,0
220B,,KR,5.1,46,42,44,0.78,0,0
220C,,KR,5.1,42,41,41,0.67,0,0
220D,,KR,3.5,41,39,40,0.44,0,0
220E,,KR,4.3,39,38,38,0.49,0,0
221B,,RC,4.1,55,51,53,0.9,0,0
221E,,RC,4.2,48,47,47,0.73,0,0
222A,,RC,4.1,53,48,50,0.81,0,0
222B,,RC,4.1,48,46,47,0.71,0,0
222C,,RC,4.1,46,45,45,0.65,0,0
222D,,RC,4.1,45,43,44,0.62,0,0
222E,,RC,4.3,43,42,42,0.6,0,0
223A,,RC,4.1,46,42,44,0.62,0,0
223B,,RC,3.2,42,41,41,0.42,0,0
223C,,RC,3.2,41,40,40,0.4,0,0
224A,,SB,3.5,54,51,52,0.74,0,0
224B,,SB,3,51,50,50,0.59,0,0
224C,,SB,3.1,50,49,49,0.58,0,0
224D,,SB,4,49,48,48,0.72,0,0
225A,,SB,4.1,98,96,97,3.03,0,0
225B,,SB,4.1,96,95,95,2.91,0,0
225C,,SB,4.1,95,88,91,2.67,0,0
226,,SB,4.3,101,98,99,3.31,0,0
227A,,M,5.1,104,98,101,4.09,0,0
227B,,M,5.1,98,94,96,3.69,0,0
227C,,M,4.1,94,88,91,2.67,0,0
228A,,BK,4.1,70,66,68,1.49,0,0
228B,,BK,4.1,66,61,63,1.28,0,0
228C,,BK,4.1,61,56,58,1.08,0,0
228D,,BK,4.1,56,55,55,0.97,0,0
228E,,BK,4.1,55,53,54,0.94,0,0
228F,,BK,3.8,53,52,52,0.81,0,0
229A,,RC,4.1,38,34,36,0.42,0,0
229B,,RC,4.1,34,33,33,0.35,0,0
229C,,RC,2.6,33,31,32,0.21,0,0
229D,,RC,4.1,31,28,29,0.27,0,0
230A,,KR,5.1,49,42,45,0.81,0,0
230B,,KR,5.1,42,39,40,0.64,0,0
230C,,KR,4.1,39,37,38,0.46,0,0
230D,,KR,4.1,37,36,36,0.42,0,0
230E,,KR,3.2,36,35,35,0.31,0,0
231A,,BK,5.1,64,54,59,1.39,0,0
231B,,BK,4.3,54,49,51,0.88,0,0
231C,,BK,4.3,49,45,47,0.75,0,0
231D,,BK,4,45,42,43,0.58,0,0
231E,,BK,3.3,42,39,40,0.41,0,0
232A,,RC,4.1,57,54,55,0.78,22,20.4
232B,,RC,4.1,54,51,52,0.87,0,0
232C,,RC,4,51,47,49,0.75,0,0
232D,,RC,3.7,47,46,46,0.61,0,0
233A,,BK,5.1,75,66,70,1.82,17,7.5
233B,,BK,5.1,66,60,63,1.59,0,0
233C,,BK,5.1,60,58,59,1.39,0,0
233D,,BK,4.4,58,57,57,1.12,0,0
234A,,M,4.1,91,78,84,2.27,0,0
234B,,M,4.1,78,70,74,1.76,0,0
234C,,M,4.2,70,65,67,1.48,0,0
234D,,M,3.1,65,61,63,0.97,0,0
234E,,M,3,61,60,60,0.85,0,0
234F,,M,3,60,58,59,0.82,0,0
235A,,KR,5.1,60,50,55,1.21,0,0
235B,,KR,5,50,45,47,0.87,0,0
235C,,KR,4,45,44,44,0.61,0,0
L35A,,KR,4.1,60,58,59,1.12,0,0
L35B,,KR,4.1,58,57,57,1.05,0,0
L35C,,KR,4.1,57,56,56,1.01,0,0
