tipe,jenis,btg_40_49,vol_40_49,btg_50_59,vol_50_59,btg_60_up,vol_60_up,total_btg,total_vol,no,no_seri,tanggal,btg,volume,tujuan
STOCK,Kapur,0.0000,0.0000,0.0000,0.0000,0.0000,0.0000,0.0000,0.0000,,,,,,
STOCK,Keruing,230.0000,641.4400,482.0000,1975.7000,280.0000,1690.9600,992.0000,4308.1000,,,,,,
STOCK,Meranti Batu,24.0000,58.5400,73.0000,236.1600,53.0000,260.7100,150.0000,555.4100,,,,,,
STOCK,Meranti Kuning,20.0000,55.7600,94.0000,341.6500,61.0000,368.6000,175.0000,766.0100,,,,,,
STOCK,Meranti Merah,28.0000,84.6400,227.0000,890.3600,205.0000,1336.5700,460.0000,2311.5700,,,,,,
STOCK,Meranti Putih,9.0000,25.8900,30.0000,115.8100,22.0000,136.9000,61.0000,278.6000,,,,,,
STOCK,Mersawa,1.0000,2.9800,5.0000,20.2500,1.0000,4.4700,7.0000,27.7000,,,,,,
STOCK,Nyatoh,0.0000,0.0000,0.0000,0.0000,0.0000,0.0000,0.0000,0.0000,,,,,,
STOCK,Sarangan Batu,34.0000,78.9600,70.0000,244.9600,36.0000,205.5100,140.0000,529.4300,,,,,,
STOCK,Bintangur,0.0000,0.0000,1.0000,2.6800,0.0000,0.0000,1.0000,2.6800,,,,,,
STOCK,TOTAL,346.0000,948.2100,982.0000,3827.5700,658.0000,4003.7200,1986.0000,8779.5000,,,,,,
PEMILIRAN,Kapur,6.0000,14.4200,3.0000,9.9100,3.0000,11.2000,12.0000,35.5300,,,,,,
PEMILIRAN,Keruing,656.0000,1938.3800,1773.0000,7287.0400,1772.0000,11433.1400,4201.0000,20658.5600,,,,,,
PEMILIRAN,Meranti Batu,108.0000,280.4200,334.0000,1212.4900,331.0000,2020.3800,773.0000,3513.2900,,,,,,
PEMILIRAN,Meranti Kuning,82.0000,225.7100,281.0000,952.0200,98.0000,515.7100,461.0000,1693.4400,,,,,,
PEMILIRAN,Meranti Merah,182.0000,537.0000,1376.0000,5520.2100,1652.0000,10198.3700,3210.0000,16255.5800,,,,,,
PEMILIRAN,Meranti Putih,51.0000,154.8000,335.0000,1312.5400,519.0000,3457.1000,905.0000,4924.4400,,,,,,
PEMILIRAN,Mersawa,11.0000,35.4200,34.0000,131.1700,28.0000,157.8600,73.0000,324.4500,,,,,,
PEMILIRAN,Nyatoh,10.0000,25.3900,13.0000,55.7200,17.0000,105.5400,40.0000,186.6500,,,,,,
PEMILIRAN,Sarangan Batu,141.0000,381.6400,590.0000,2282.9500,934.0000,6096.9200,1665.0000,8761.5100,,,,,,
PEMILIRAN,Bintangur,1.0000,3.0400,9.0000,37.4000,5.0000,31.0000,15.0000,71.4400,,,,,,
PEMILIRAN,TOTAL PEMILIRAN,1248.0000,3596.2200,4748.0000,18801.4500,5359.0000,34027.2200,11355.0000,56424.8900,,,,,,
DETAIL,,,,,,,,,,1,KB.C.4768870,17-12-2024,612.0000,3293.8900,PT. TANJUNG SELATAN MAKMUR JAYA
DETAIL,,,,,,,,,,2,KB.C.4768902,17-12-2024,45.0000,168.8900,UD.ZIFA BERSAUDARA
DETAIL,,,,,,,,,,3,KB.C.4860469,12-01-2025,670.0000,3771.3200,TPT-KB PT. JANICO RAYA
DETAIL,,,,,,,,,,4,KB.C.5177036,20-03-2025,660.0000,3431.7300,TPT-KB PT. JANICO RAYA
DETAIL,,,,,,,,,,5,KB.C.5599760,20-06-2025,655.0000,3443.3900,TPT-KB PT. JANICO RAYA
DETAIL,,,,,,,,,,6,KB.C.5725382,18-07-2025,703.0000,3626.0700,PT. TANJUNG RAYA PLYWOOD
DETAIL,,,,,,,,,,7,KB.C.5816785,05-08-2025,659.0000,3442.3200,TPT-KB PT. JANICO RAYA
DETAIL,,,,,,,,,,8,KB.C.5926627,27-08-2025,692.0000,3374.6200,TPT-KB PT. JANICO RAYA
DETAIL,,,,,,,,,,9,KB.C.6199433,21-10-2025,782.0000,3788.9200,TPT-KB PT. JANICO RAYA
DETAIL,,,,,,,,,,10,KB.C.6267626,03-11-2025,710.0000,3448.6600,TPT-KB PT. JANICO RAYA
DETAIL,,,,,,,,,,11,KB.C.6374619,25-11-2025,1039.0000,4645.1600,PT. DEWATA CIPTA SEMESTA
DETAIL,,,,,,,,,,12,KB.C.6527444,01-01-2026,830.0000,3953.6000,PT. DEWATA CIPTA SEMESTA
DETAIL,,,,,,,,,,13,KB.C.6694425,09-02-2026,732.0000,3653.1700,PT. DEWATA CIPTA SEMESTA
DETAIL,,,,,,,,,,14,KB.C.6987087,21-04-2026,946.0000,4941.3700,PT. TANJUNG SELATAN MAKMUR JAYA
DETAIL,,,,,,,,,,15,KB.C.7045004,03-05-2026,696.0000,3435.6900,PT. DEWATA CIPTA SEMESTA
DETAIL,,,,,,,,,,16,KB.C.7207370,09-06-2026,924.0000,4006.0900,PT. DEWATA CIPTA SEMESTA
