posisi,kelas_diameter,jenis,btg,volume_m3,mutasi_terakhir_posisi,mutasi_terakhir_global
BLOK,40-49,Keruing,13,37.65,29-09-2026,29-09-2026
BLOK,60-UP,Meranti,9,52.55,29-09-2026,29-09-2026
BLOK,60-UP,Meranti Batu,1,4.89,25-09-2026,29-09-2026
BLOK,TOTAL,,84,421.46,29-09-2026,29-09-2026

LP LUWE,40-49,Benuas,61,153.32,07-09-2026,29-09-2026
LP LUWE,40-49,Keruing,391,1122.81,22-09-2026,29-09-2026
LP LUWE,40-49,Meranti,44,131.39,20-07-2026,29-09-2026
LP LUWE,40-49,Meranti Batu,4,12.38,29-08-2026,29-09-2026
LP LUWE,40-49,Mersawa,2,5.23,12-07-2026,29-09-2026
LP LUWE,50-59,Benuas,193,663.04,07-09-2026,29-09-2026
LP LUWE,50-59,Keruing,855,3534.85,22-09-2026,29-09-2026
LP LUWE,50-59,Meranti,516,2045.03,22-09-2026,29-09-2026
LP LUWE,50-59,Meranti Batu,43,152.28,01-09-2026,29-09-2026
LP LUWE,50-59,Mersawa,18,73.64,16-08-2026,29-09-2026
LP LUWE,60-UP,Benuas,119,648.04,07-09-2026,29-09-2026
LP LUWE,60-UP,Keruing,555,3424.13,22-09-2026,29-09-2026
LP LUWE,60-UP,Meranti,601,3977.87,22-09-2026,29-09-2026
LP LUWE,60-UP,Meranti Batu,43,214.49,22-09-2026,29-09-2026
LP LUWE,60-UP,Mersawa,10,60.51,11-08-2026,29-09-2026
LP LUWE,TOTAL,,3455,16219.01,22-09-2026,29-09-2026

TPK 42,40-49,Benuas,15,42.55,29-09-2026,29-09-2026
TPK 42,40-49,Keruing,153,451.37,29-09-2026,29-09-2026
TPK 42,40-49,Meranti,2,6.16,29-09-2026,29-09-2026
TPK 42,40-49,Meranti Batu,4,11.51,29-09-2026,29-09-2026
TPK 42,50-59,Benuas,31,118.09,29-09-2026,29-09-2026
TPK 42,50-59,Keruing,350,1525.45,29-09-2026,29-09-2026
TPK 42,50-59,Meranti,164,668.99,29-09-2026,29-09-2026
TPK 42,50-59,Meranti Batu,10,38.25,29-09-2026,29-09-2026
TPK 42,50-59,Mersawa,2,9.16,15-09-2026,29-09-2026
TPK 42,60-UP,Benuas,47,360.03,28-09-2026,29-09-2026
TPK 42,60-UP,Keruing,282,1823.79,29-09-2026,29-09-2026
TPK 42,60-UP,Meranti,273,1789.61,29-09-2026,29-09-2026
TPK 42,60-UP,Meranti Batu,13,58.95,29-09-2026,29-09-2026
TPK 42,60-UP,Mersawa,2,13.07,27-09-2026,29-09-2026
TPK 42,TOTAL,,1348,6916.98,29-09-2026,29-09-2026

GLOBAL,TOTAL,,4887,23557.45,29-09-2026,29-09-2026
